Workbook
Name Avg_MilesPerKWh: Constants!$C$6
Name ChargeCost_GasPricePerGallon_Range: 'Charge Stats'!$V$4:$V$6000
Name ChargeStats_AllGasCost_Range: 'Charge Stats'!$AC$4:$AC$6000
Name ChargeStats_AllHomeChg_Range: 'Charge Stats'!$AD$4:$AD$6000
Name ChargeStats_AllSuperChgCost_Range: 'Charge Stats'!$AB$4:$AB$6000
Name ChargeStats_AvgPricePerGallonoOfGas: 'Charge Stats'!$V$2
Name ChargeStats_ChargeCostHome_Range: 'Charge Stats'!$T$4:$T$6000
Name ChargeStats_ChargeCostSuperCharger_Range: 'Charge Stats'!$S$4:$S$6000
Name ChargeStats_ChargeGasCostDifference_Range: 'Charge Stats'!$Y$4:$Y$6000
Name ChargeStats_ChgEndTime_Range: 'Charge Stats'!$M$4:$M$6000
Name ChargeStats_ChgHours_Range: 'Charge Stats'!$N$4:$N$6000
Name ChargeStats_ChgPct_Range: 'Charge Stats'!$K$4:$K$6000
Name ChargeStats_ChgPctAfter_Range: 'Charge Stats'!$J$4:$J$6000
Name ChargeStats_ChgPctStart_Range: 'Charge Stats'!$I$4:$I$6000
Name ChargeStats_ChgStartTime_Range: 'Charge Stats'!$L$4:$L$6000
Name ChargeStats_CostPerKWhHome_Range: 'Charge Stats'!$R$4:$R$6000
Name ChargeStats_CostPerKWhSuperCharger_Range: 'Charge Stats'!$Q$4:$Q$6000
Name ChargeStats_Date_Range: 'Charge Stats'!$A$4:$A$6000
Name ChargeStats_EstGallonsOfGas_Range: 'Charge Stats'!$W$4:$W$6000
Name ChargeStats_EstGasCost_Range: 'Charge Stats'!$X$4:$X$6000
Name ChargeStats_GasCostPctSaving_Range: 'Charge Stats'!$Z$4:$Z$6000
Name ChargeStats_GasPricePerGallon_Range: 'Charge Stats'!$V$4:$V$6000
Name ChargeStats_HomeChgSaving_Range: 'Charge Stats'!$AA$4:$AA$6000
Name ChargeStats_HomeKWh_Range: 'Charge Stats'!$G$4:$G$6000
Name ChargeStats_HomeL1KWh_Range: 'Charge Stats'!$E$4:$E$6000
Name ChargeStats_HomeL2KWh_Range: 'Charge Stats'!$F$4:$F$6000
Name ChargeStats_MaxMilesAfterChg_Range: 'Charge Stats'!$O$4:$O$6000
Name ChargeStats_MilesPerKWh_Range: 'Charge Stats'!$P$4:$P$6000
Name ChargeStats_OdometerMiles_Range: 'Charge Stats'!$B$4:$B$6000
Name ChargeStats_SuperChargerKWh_Range: 'Charge Stats'!$D$4:$D$6000
Name ChargeStats_TotalChargeCost_Range: 'Charge Stats'!$U$4:$U$6000
Name ChargeStats_TotalKWh_Range: 'Charge Stats'!$H$4:$H$6000
Name Cost_PerKWh_Home_ChargeStats: 'Charge Stats'!$R$2
Name FPLBillHistory_BilledPricePerKW_Range: 'FPL Bill History'!$M$1:$M$200
Name FPLBillHistory_BillFromDate_Range: 'FPL Bill History'!$C$1:$C$200
Name FPLBillHistory_BillToDate_Range: 'FPL Bill History'!$D$1:$D$200
Name KWh_Cost_Home: 'Charge Stats'!$R$2
Name MaxChargePercent: Constants!$C$2
Name MPG_Kia: Constants!$C$1
Name Total_GallonsGas: 'Charge Stats'!$W$2
Name Total_KWs: 'Charge Stats'!$H$2

Sheet Charge Stats
B2: =MAX(B5:B6000) -> 1775 | C2: =SUM(C5:C6000) -> 1775 | D2: =SUM(D5:D6000) -> 143 | E2: =SUM(E5:E6000) -> 107 | F2: =SUM(F5:F6000) -> 271 | G2: =SUM(G5:G6000) -> 378 | H2: =D2+G2 -> 521 | K2: =SUM(K5:K6000) -> 669 | N2: =SUM(N5:N6000) -> 159.2 | P2: =C2/H2 -> 3.4069098 | Q2: =AVERAGEIF(Q5:Q6000,">0") -> 0.38758621 | R2: =AVERAGEIF(R5:R6000,">0") -> 0.13703226 | S2: =D2*Q2 -> 55.424828 | T2: =G2*R2 -> 51.798195 | U2: =SUM(S2:T2) -> 107.22302 | V2: =AVERAGEIF(V5:V6000,">0") -> 2.7437931 | W2: =C2/MPG_Kia -> 71 | X2: =V2*W2 -> 194.80931 | Y2: =X2-U2 -> 87.586288 | Z2: =(X2-U2)/X2 -> 0.44960011 | AA2: =SUM(AA5:AA6000) -> 96.655428 | AB2: =SUM(AB5:AB6000) -> 196.63 | AC2: =SUM(AC5:AC6000) -> 195.1592 | AD2: =SUM(AD5:AD6000) -> 71.392572 | AE2: =SUM(AE5:AE6000) -> -1.4708 | AF2: =SUM(AF5:AF6000) -> 123.76663 | AG2: =SUM(AG5:AG6000) -> 125.23743 | AH2: =SUM(AH5:AH6000) -> 1391.6 | ... AX2: =SUM(AX5:AX6000) -> 0
A3: Tesla App | B3: Driving Stats | D3: Charging Stats | S3: Charging Cost Totals | V3: Gas Cost | Y3: Gas Saving | AB3: Super Vs Home Charge Cost | AH3: Gas Emission Saved (Lbs) | AP3: Natural Gas Emission from Electric Power Plant (Lbs)
A4: Date | B4: Odometer Miles | C4: Miles Driven | D4: Super Charger KWh | E4: Home L1 Chg KWh | F4: Home L2 Chg KWh | G4: Home KWh | H4: Total KWh | I4: chg % start | J4: Chg % after | K4: Chg % | L4: Chg Start Time | M4: Chg End Time | N4: Chg hours | O4: max miles after chg | P4: Miles per KWh | Q4: Cost / KWh Super Charger | R4: Cost Per KWh Home | S4: Charge Cost Super Chg | T4: Charge Cost Home | U4: Total Charge Cost | V4: Gas Price Per Gal | W4: Est Gallons of gas | X4: Est Gas Cost | Y4: Charge / Gas Cost Difference | Z4: % saving | AA4: Home Chg Saving | AB4: all Super Chg Cost | AC4: all Gas Cost | AD4: All Home Chg cost | AE4: Amt Gas aved All Super Chg | AF4: Amt Gas Saved All Home Chg | AG4: Amt Saved Home vs Super Chg | AH4: Carbon dioxide (CO₂) | AI4: Water vapor (H₂O) | AJ4: **Nitrogen** N₂ | AK4: Carbon monoxide (CO) | AL4: Nitrogen oxides (NOₓ) | AM4: Unburned hydrocarbons (VOCs) | AN4: Particulate matter (PM2.5) | AO4: Sulfur dioxide (SO₂) | AP4: cu Ft Natural Gas | AQ4: Carbon dioxide (CO₂) | AR4: Water vapor (H₂O) | AS4: **Nitrogen** N₂ | AT4: Carbon monoxide (CO) | AU4: Nitrogen oxides (NOₓ) | AV4: Unburned hydrocarbons (VOCs) | AW4: Particulate matter (PM2.5) | AX4: Sulfur dioxide (SO₂)
A5: 45900 | B5: 0 | C5: {=IF(B5=0, 0, B5 - INDEX(B$4:B4, MAX(IF(B$4:B4<>0, ROW(B$4:B4)-ROW(B$4)+1))))} -> 0 | D5: 0 | E5: 0 | F5: 0 | G5: =E5+F5 -> 0 | H5: =D5+G5 -> 0 | I5: 0 | J5: 0 | K5: =J5-I5 -> 0 | N5: 0 | O5: 0 | P5: =IF(H5>0,C5/H5,0) -> 0 | Q5: 0 | R5: {=INDEX(FPLBillHistory_BilledPricePerKW_Range, MATCH(1, (A5>=FPLBillHistory_BillFromDate_Range)*(A5<=FPLBillHistory_BillToDate_Range), 0))} -> 0.13709935 | S5: =D5*Q5 -> 0 | T5: =G5*R5 -> 0 | U5: =SUM(S5:T5) -> 0 | V5: 0 | Y5: =X5-U5 -> 0 | Z5: =IFERROR((X5-U5)/X5,0) -> 0 | AA5: =G5*Q5-G5*R5 -> 0 | AB5: =H5*Q5 -> 0 | AC5: =V5*W5 -> 0 | AD5: =H5*R5 -> 0 | AE5: =X5-AB5 -> 0 | AF5: =X5-AD5 -> 0 | AG5: =AB5-AD5 -> 0
A6: 45901 | B6: 0 | C6: {=IF(B6=0, 0, B6 - INDEX(B$4:B5, MAX(IF(B$4:B5<>0, ROW(B$4:B5)-ROW(B$4)+1))))} -> 0 | D6: 0 | E6: 0 | F6: 0 | G6: =E6+F6 -> 0 | H6: =D6+G6 -> 0 | I6: 0 | J6: 0 | K6: =J6-I6 -> 0 | N6: 0 | O6: 0 | P6: =IF(H6>0,C6/H6,0) -> 0 | Q6: 0 | R6: {=INDEX(FPLBillHistory_BilledPricePerKW_Range, MATCH(1, (A6>=FPLBillHistory_BillFromDate_Range)*(A6<=FPLBillHistory_BillToDate_Range), 0))} -> 0.13709935 | S6: =D6*Q6 -> 0 | T6: =G6*R6 -> 0 | U6: =SUM(S6:T6) -> 0 | V6: 0 | W6: =C6/MPG_Kia -> 0 | X6: =V6*W6 -> 0 | Y6: =X6-U6 -> 0 | Z6: =IFERROR((X6-U6)/X6,0) -> 0 | AA6: =G6*Q6-G6*R6 -> 0 | AB6: =H6*Q6 -> 0 | AC6: =V6*W6 -> 0 | AD6: =H6*R6 -> 0 | AE6: =X6-AB6 -> 0 | AF6: =X6-AD6 -> 0 | AG6: =AB6-AD6 -> 0 | AH6: ='Gas Chemistry'!$B$11*$W6 -> 0 | AI6: ='Gas Chemistry'!$B$12*$W6 -> 0 | AJ6: 0 | AK6: ='Gas Chemistry'!$B$13*$W6 -> 0 | AL6: ='Gas Chemistry'!$B$14*$W6 -> 0 | AM6: ='Gas Chemistry'!$B$15*$W6 -> 0 | AN6: ='Gas Chemistry'!$B$16*$W6 -> 0 | AO6: ='Gas Chemistry'!$B$17*$W6 -> 0 | AP6: =H6*Constants!$C$14 -> 0 | AQ6: ='Gas Chemistry'!$C$122*$AP6 -> 0 | AR6: ='Gas Chemistry'!$C$123*$AP6 -> 0 | AS6: ='Gas Chemistry'!$C$127*$AP6 -> 0 | AT6: ='Gas Chemistry'!$C$124*$AP6 -> 0 | AU6: ='Gas Chemistry'!$C$126*$AP6 -> 0 | AV6: ='Gas Chemistry'!$C$125*$AP6 -> 0 | AW6: 0 | AX6: 0
A7: 45902 | B7: 0 | C7: {=IF(B7=0, 0, B7 - INDEX(B$4:B6, MAX(IF(B$4:B6<>0, ROW(B$4:B6)-ROW(B$4)+1))))} -> 0 | D7: 0 | E7: 0 | F7: 0 | G7: =E7+F7 -> 0 | H7: =D7+G7 -> 0 | I7: 0 | J7: 0 | K7: =J7-I7 -> 0 | N7: 0 | O7: 0 | P7: =IF(H7>0,C7/H7,0) -> 0 | Q7: 0 | R7: {=INDEX(FPLBillHistory_BilledPricePerKW_Range, MATCH(1, (A7>=FPLBillHistory_BillFromDate_Range)*(A7<=FPLBillHistory_BillToDate_Range), 0))} -> 0.13709935 | S7: =D7*Q7 -> 0 | T7: =G7*R7 -> 0 | U7: =SUM(S7:T7) -> 0 | V7: 0 | W7: =C7/MPG_Kia -> 0 | X7: =V7*W7 -> 0 | Y7: =X7-U7 -> 0 | Z7: =IFERROR((X7-U7)/X7,0) -> 0 | AA7: =G7*Q7-G7*R7 -> 0 | AB7: =H7*Q7 -> 0 | AC7: =V7*W7 -> 0 | AD7: =H7*R7 -> 0 | AE7: =X7-AB7 -> 0 | AF7: =X7-AD7 -> 0 | AG7: =AB7-AD7 -> 0 | AH7: ='Gas Chemistry'!$B$11*$W7 -> 0 | AI7: ='Gas Chemistry'!$B$12*$W7 -> 0 | AJ7: 0 | AK7: ='Gas Chemistry'!$B$13*$W7 -> 0 | AL7: ='Gas Chemistry'!$B$14*$W7 -> 0 | AM7: ='Gas Chemistry'!$B$15*$W7 -> 0 | AN7: ='Gas Chemistry'!$B$16*$W7 -> 0 | AO7: ='Gas Chemistry'!$B$17*$W7 -> 0 | AP7: =H7*Constants!$C$14 -> 0 | AQ7: ='Gas Chemistry'!$C$122*$AP7 -> 0 | AR7: ='Gas Chemistry'!$C$123*$AP7 -> 0 | AS7: ='Gas Chemistry'!$C$127*$AP7 -> 0 | AT7: ='Gas Chemistry'!$C$124*$AP7 -> 0 | AU7: ='Gas Chemistry'!$C$126*$AP7 -> 0 | AV7: ='Gas Chemistry'!$C$125*$AP7 -> 0 | AW7: 0 | AX7: 0
A8: 45903 | B8: 0 | C8: {=IF(B8=0, 0, B8 - INDEX(B$4:B7, MAX(IF(B$4:B7<>0, ROW(B$4:B7)-ROW(B$4)+1))))} -> 0 | D8: 0 | E8: 0 | F8: 0 | G8: =E8+F8 -> 0 | H8: =D8+G8 -> 0 | I8: 0 | J8: 0 | K8: =J8-I8 -> 0 | N8: 0 | O8: 0 | P8: =IF(H8>0,C8/H8,0) -> 0 | Q8: 0 | R8: {=INDEX(FPLBillHistory_BilledPricePerKW_Range, MATCH(1, (A8>=FPLBillHistory_BillFromDate_Range)*(A8<=FPLBillHistory_BillToDate_Range), 0))} -> 0.13709935 | S8: =D8*Q8 -> 0 | T8: =G8*R8 -> 0 | U8: =SUM(S8:T8) -> 0 | V8: 0 | W8: =C8/MPG_Kia -> 0 | X8: =V8*W8 -> 0 | Y8: =X8-U8 -> 0 | Z8: =IFERROR((X8-U8)/X8,0) -> 0 | AA8: =G8*Q8-G8*R8 -> 0 | AB8: =H8*Q8 -> 0 | AC8: =V8*W8 -> 0 | AD8: =H8*R8 -> 0 | AE8: =X8-AB8 -> 0 | AF8: =X8-AD8 -> 0 | AG8: =AB8-AD8 -> 0 | AH8: ='Gas Chemistry'!$B$11*$W8 -> 0 | AI8: ='Gas Chemistry'!$B$12*$W8 -> 0 | AJ8: 0 | AK8: ='Gas Chemistry'!$B$13*$W8 -> 0 | AL8: ='Gas Chemistry'!$B$14*$W8 -> 0 | AM8: ='Gas Chemistry'!$B$15*$W8 -> 0 | AN8: ='Gas Chemistry'!$B$16*$W8 -> 0 | AO8: ='Gas Chemistry'!$B$17*$W8 -> 0 | AP8: =H8*Constants!$C$14 -> 0 | AQ8: ='Gas Chemistry'!$C$122*$AP8 -> 0 | AR8: ='Gas Chemistry'!$C$123*$AP8 -> 0 | AS8: ='Gas Chemistry'!$C$127*$AP8 -> 0 | AT8: ='Gas Chemistry'!$C$124*$AP8 -> 0 | AU8: ='Gas Chemistry'!$C$126*$AP8 -> 0 | AV8: ='Gas Chemistry'!$C$125*$AP8 -> 0 | AW8: 0 | AX8: 0
A9: 45904 | B9: 0 | C9: {=IF(B9=0, 0, B9 - INDEX(B$4:B8, MAX(IF(B$4:B8<>0, ROW(B$4:B8)-ROW(B$4)+1))))} -> 0 | D9: 0 | E9: 0 | F9: 0 | G9: =E9+F9 -> 0 | H9: =D9+G9 -> 0 | I9: 0 | J9: 0 | K9: =J9-I9 -> 0 | N9: 0 | O9: 0 | P9: =IF(H9>0,C9/H9,0) -> 0 | Q9: 0 | R9: {=INDEX(FPLBillHistory_BilledPricePerKW_Range, MATCH(1, (A9>=FPLBillHistory_BillFromDate_Range)*(A9<=FPLBillHistory_BillToDate_Range), 0))} -> 0.13709935 | S9: =D9*Q9 -> 0 | T9: =G9*R9 -> 0 | U9: =SUM(S9:T9) -> 0 | V9: 0 | W9: =C9/MPG_Kia -> 0 | X9: =V9*W9 -> 0 | Y9: =X9-U9 -> 0 | Z9: =IFERROR((X9-U9)/X9,0) -> 0 | AA9: =G9*Q9-G9*R9 -> 0 | AB9: =H9*Q9 -> 0 | AC9: =V9*W9 -> 0 | AD9: =H9*R9 -> 0 | AE9: =X9-AB9 -> 0 | AF9: =X9-AD9 -> 0 | AG9: =AB9-AD9 -> 0 | AH9: ='Gas Chemistry'!$B$11*$W9 -> 0 | AI9: ='Gas Chemistry'!$B$12*$W9 -> 0 | AJ9: 0 | AK9: ='Gas Chemistry'!$B$13*$W9 -> 0 | AL9: ='Gas Chemistry'!$B$14*$W9 -> 0 | AM9: ='Gas Chemistry'!$B$15*$W9 -> 0 | AN9: ='Gas Chemistry'!$B$16*$W9 -> 0 | AO9: ='Gas Chemistry'!$B$17*$W9 -> 0 | AP9: =H9*Constants!$C$14 -> 0 | AQ9: ='Gas Chemistry'!$C$122*$AP9 -> 0 | AR9: ='Gas Chemistry'!$C$123*$AP9 -> 0 | AS9: ='Gas Chemistry'!$C$127*$AP9 -> 0 | AT9: ='Gas Chemistry'!$C$124*$AP9 -> 0 | AU9: ='Gas Chemistry'!$C$126*$AP9 -> 0 | AV9: ='Gas Chemistry'!$C$125*$AP9 -> 0 | AW9: 0 | AX9: 0
A10: 45905 | B10: 130 | C10: 130 | D10: 49 | E10: 0 | F10: 0 | G10: =E10+F10 -> 0 | H10: =D10+G10 -> 49 | I10: 0 | J10: 80 | K10: =J10-I10 -> 80 | L10: 0.83333333 | M10: 0 | N10: 0.3 | O10: 0 | P10: =IF(H10>0,C10/H10,0) -> 2.6530612 | Q10: 0.34 | R10: {=INDEX(FPLBillHistory_BilledPricePerKW_Range, MATCH(1, (A10>=FPLBillHistory_BillFromDate_Range)*(A10<=FPLBillHistory_BillToDate_Range), 0))} -> 0.13709935 | S10: =D10*Q10 -> 16.66 | T10: =G10*R10 -> 0 | U10: =SUM(S10:T10) -> 16.66 | V10: 2.75 | W10: =C10/MPG_Kia -> 5.2 | X10: =V10*W10 -> 14.3 | Y10: =X10-U10 -> -2.36 | Z10: =IFERROR((X10-U10)/X10,0) -> -0.16503497 | AA10: =G10*Q10-G10*R10 -> 0 | AB10: =H10*Q10 -> 16.66 | AC10: =V10*W10 -> 14.3 | AD10: =H10*R10 -> 6.717868 | AE10: =X10-AB10 -> -2.36 | AF10: =X10-AD10 -> 7.582132 | AG10: =AB10-AD10 -> 9.942132 | AH10: ='Gas Chemistry'!$B$11*$W10 -> 101.92 | AI10: ='Gas Chemistry'!$B$12*$W10 -> 41.6 | AJ10: 0 | AK10: ='Gas Chemistry'!$B$13*$W10 -> 0.104 | AL10: ='Gas Chemistry'!$B$14*$W10 -> 0.052 | AM10: ='Gas Chemistry'!$B$15*$W10 -> 0.0104 | AN10: ='Gas Chemistry'!$B$16*$W10 -> 0.0052 | AO10: ='Gas Chemistry'!$B$17*$W10 -> 0.0208 | AP10: =H10*Constants!$C$14 -> 167.188 | AQ10: ='Gas Chemistry'!$C$122*$AP10 -> 19.560996 | AR10: ='Gas Chemistry'!$C$123*$AP10 -> 24.075072 | AS10: ='Gas Chemistry'!$C$127*$AP10 -> 785.7836 | AT10: ='Gas Chemistry'!$C$124*$AP10 -> 0.014043792 | AU10: ='Gas Chemistry'!$C$126*$AP10 -> 0.0167188 | AV10: ='Gas Chemistry'!$C$125*$AP10 -> 0.00083594 | AW10: 0 | AX10: 0
A11: 45906 | B11: 0 | C11: {=IF(B11=0, 0, B11 - INDEX(B$4:B10, MAX(IF(B$4:B10<>0, ROW(B$4:B10)-ROW(B$4)+1))))} -> 0 | D11: 0 | E11: 0 | F11: 0 | G11: =E11+F11 -> 0 | H11: =D11+G11 -> 0 | I11: 0 | J11: 0 | K11: =J11-I11 -> 0 | N11: 0 | O11: 0 | P11: =IF(H11>0,C11/H11,0) -> 0 | Q11: 0 | R11: {=INDEX(FPLBillHistory_BilledPricePerKW_Range, MATCH(1, (A11>=FPLBillHistory_BillFromDate_Range)*(A11<=FPLBillHistory_BillToDate_Range), 0))} -> 0.13709935 | S11: =D11*Q11 -> 0 | T11: =G11*R11 -> 0 | U11: =SUM(S11:T11) -> 0 | V11: 0 | W11: =C11/MPG_Kia -> 0 | X11: =V11*W11 -> 0 | Y11: =X11-U11 -> 0 | Z11: =IFERROR((X11-U11)/X11,0) -> 0 | AA11: =G11*Q11-G11*R11 -> 0 | AB11: =H11*Q11 -> 0 | AC11: =V11*W11 -> 0 | AD11: =H11*R11 -> 0 | AE11: =X11-AB11 -> 0 | AF11: =X11-AD11 -> 0 | AG11: =AB11-AD11 -> 0 | AH11: ='Gas Chemistry'!$B$11*$W11 -> 0 | AI11: ='Gas Chemistry'!$B$12*$W11 -> 0 | AJ11: 0 | AK11: ='Gas Chemistry'!$B$13*$W11 -> 0 | AL11: ='Gas Chemistry'!$B$14*$W11 -> 0 | AM11: ='Gas Chemistry'!$B$15*$W11 -> 0 | AN11: ='Gas Chemistry'!$B$16*$W11 -> 0 | AO11: ='Gas Chemistry'!$B$17*$W11 -> 0 | AP11: =H11*Constants!$C$14 -> 0 | AQ11: ='Gas Chemistry'!$C$122*$AP11 -> 0 | AR11: ='Gas Chemistry'!$C$123*$AP11 -> 0 | AS11: ='Gas Chemistry'!$C$127*$AP11 -> 0 | AT11: ='Gas Chemistry'!$C$124*$AP11 -> 0 | AU11: ='Gas Chemistry'!$C$126*$AP11 -> 0 | AV11: ='Gas Chemistry'!$C$125*$AP11 -> 0 | AW11: 0 | AX11: 0
A12: 45907 | B12: 0 | C12: {=IF(B12=0, 0, B12 - INDEX(B$4:B11, MAX(IF(B$4:B11<>0, ROW(B$4:B11)-ROW(B$4)+1))))} -> 0 | D12: 0 | E12: 0 | F12: 0 | G12: =E12+F12 -> 0 | H12: =D12+G12 -> 0 | I12: 0 | J12: 0 | K12: =J12-I12 -> 0 | N12: 0 | O12: 0 | P12: =IF(H12>0,C12/H12,0) -> 0 | Q12: 0 | R12: {=INDEX(FPLBillHistory_BilledPricePerKW_Range, MATCH(1, (A12>=FPLBillHistory_BillFromDate_Range)*(A12<=FPLBillHistory_BillToDate_Range), 0))} -> 0.13709935 | S12: =D12*Q12 -> 0 | T12: =G12*R12 -> 0 | U12: =SUM(S12:T12) -> 0 | V12: 0 | W12: =C12/MPG_Kia -> 0 | X12: =V12*W12 -> 0 | Y12: =X12-U12 -> 0 | Z12: =IFERROR((X12-U12)/X12,0) -> 0 | AA12: =G12*Q12-G12*R12 -> 0 | AB12: =H12*Q12 -> 0 | AC12: =V12*W12 -> 0 | AD12: =H12*R12 -> 0 | AE12: =X12-AB12 -> 0 | AF12: =X12-AD12 -> 0 | AG12: =AB12-AD12 -> 0 | AH12: ='Gas Chemistry'!$B$11*$W12 -> 0 | AI12: ='Gas Chemistry'!$B$12*$W12 -> 0 | AJ12: 0 | AK12: ='Gas Chemistry'!$B$13*$W12 -> 0 | AL12: ='Gas Chemistry'!$B$14*$W12 -> 0 | AM12: ='Gas Chemistry'!$B$15*$W12 -> 0 | AN12: ='Gas Chemistry'!$B$16*$W12 -> 0 | AO12: ='Gas Chemistry'!$B$17*$W12 -> 0 | AP12: =H12*Constants!$C$14 -> 0 | AQ12: ='Gas Chemistry'!$C$122*$AP12 -> 0 | AR12: ='Gas Chemistry'!$C$123*$AP12 -> 0 | AS12: ='Gas Chemistry'!$C$127*$AP12 -> 0 | AT12: ='Gas Chemistry'!$C$124*$AP12 -> 0 | AU12: ='Gas Chemistry'!$C$126*$AP12 -> 0 | AV12: ='Gas Chemistry'!$C$125*$AP12 -> 0 | AW12: 0 | AX12: 0
A13: 45908 | B13: 300 | C13: {=IF(B13=0, 0, B13 - INDEX(B$4:B12, MAX(IF(B$4:B12<>0, ROW(B$4:B12)-ROW(B$4)+1))))} -> 170 | D13: 38 | E13: 0 | F13: 0 | G13: =E13+F13 -> 0 | H13: =D13+G13 -> 38 | I13: 0 | J13: 80 | K13: =J13-I13 -> 80 | L13: 0.83333333 | M13: 0 | N13: 0.3 | O13: 0 | P13: =IF(H13>0,C13/H13,0) -> 4.4736842 | Q13: 0.34 | R13: {=INDEX(FPLBillHistory_BilledPricePerKW_Range, MATCH(1, (A13>=FPLBillHistory_BillFromDate_Range)*(A13<=FPLBillHistory_BillToDate_Range), 0))} -> 0.13702268 | S13: =D13*Q13 -> 12.92 | T13: =G13*R13 -> 0 | U13: =SUM(S13:T13) -> 12.92 | V13: 2.75 | W13: =C13/MPG_Kia -> 6.8 | X13: =V13*W13 -> 18.7 | Y13: =X13-U13 -> 5.78 | Z13: =IFERROR((X13-U13)/X13,0) -> 0.30909091 | AA13: =G13*Q13-G13*R13 -> 0 | AB13: =H13*Q13 -> 12.92 | AC13: =V13*W13 -> 18.7 | AD13: =H13*R13 -> 5.2068617 | AE13: =X13-AB13 -> 5.78 | AF13: =X13-AD13 -> 13.493138 | AG13: =AB13-AD13 -> 7.7131383 | AH13: ='Gas Chemistry'!$B$11*$W13 -> 133.28 | AI13: ='Gas Chemistry'!$B$12*$W13 -> 54.4 | AJ13: 0 | AK13: ='Gas Chemistry'!$B$13*$W13 -> 0.136 | AL13: ='Gas Chemistry'!$B$14*$W13 -> 0.068 | AM13: ='Gas Chemistry'!$B$15*$W13 -> 0.0136 | AN13: ='Gas Chemistry'!$B$16*$W13 -> 0.0068 | AO13: ='Gas Chemistry'!$B$17*$W13 -> 0.0272 | AP13: =H13*Constants!$C$14 -> 129.656 | AQ13: ='Gas Chemistry'!$C$122*$AP13 -> 15.169752 | AR13: ='Gas Chemistry'!$C$123*$AP13 -> 18.670464 | AS13: ='Gas Chemistry'!$C$127*$AP13 -> 609.3832 | AT13: ='Gas Chemistry'!$C$124*$AP13 -> 0.010891104 | AU13: ='Gas Chemistry'!$C$126*$AP13 -> 0.0129656 | AV13: ='Gas Chemistry'!$C$125*$AP13 -> 0.00064828 | AW13: 0 | AX13: 0
A14: 45909 | B14: 0 | C14: {=IF(B14=0, 0, B14 - INDEX(B$4:B13, MAX(IF(B$4:B13<>0, ROW(B$4:B13)-ROW(B$4)+1))))} -> 0 | D14: 0 | E14: 0 | F14: 0 | G14: =E14+F14 -> 0 | H14: =D14+G14 -> 0 | I14: 0 | J14: 0 | K14: =J14-I14 -> 0 | N14: 0 | O14: 0 | P14: =IF(H14>0,C14/H14,0) -> 0 | Q14: 0 | R14: {=INDEX(FPLBillHistory_BilledPricePerKW_Range, MATCH(1, (A14>=FPLBillHistory_BillFromDate_Range)*(A14<=FPLBillHistory_BillToDate_Range), 0))} -> 0.13702268 | S14: =D14*Q14 -> 0 | T14: =G14*R14 -> 0 | U14: =SUM(S14:T14) -> 0 | V14: 0 | W14: =C14/MPG_Kia -> 0 | X14: =V14*W14 -> 0 | Y14: =X14-U14 -> 0 | Z14: =IFERROR((X14-U14)/X14,0) -> 0 | AA14: =G14*Q14-G14*R14 -> 0 | AB14: =H14*Q14 -> 0 | AC14: =V14*W14 -> 0 | AD14: =H14*R14 -> 0 | AE14: =X14-AB14 -> 0 | AF14: =X14-AD14 -> 0 | AG14: =AB14-AD14 -> 0 | AH14: ='Gas Chemistry'!$B$11*$W14 -> 0 | AI14: ='Gas Chemistry'!$B$12*$W14 -> 0 | AJ14: 0 | AK14: ='Gas Chemistry'!$B$13*$W14 -> 0 | AL14: ='Gas Chemistry'!$B$14*$W14 -> 0 | AM14: ='Gas Chemistry'!$B$15*$W14 -> 0 | AN14: ='Gas Chemistry'!$B$16*$W14 -> 0 | AO14: ='Gas Chemistry'!$B$17*$W14 -> 0 | AP14: =H14*Constants!$C$14 -> 0 | AQ14: ='Gas Chemistry'!$C$122*$AP14 -> 0 | AR14: ='Gas Chemistry'!$C$123*$AP14 -> 0 | AS14: ='Gas Chemistry'!$C$127*$AP14 -> 0 | AT14: ='Gas Chemistry'!$C$124*$AP14 -> 0 | AU14: ='Gas Chemistry'!$C$126*$AP14 -> 0 | AV14: ='Gas Chemistry'!$C$125*$AP14 -> 0 | AW14: 0 | AX14: 0
A15: 45910 | B15: 0 | C15: {=IF(B15=0, 0, B15 - INDEX(B$4:B14, MAX(IF(B$4:B14<>0, ROW(B$4:B14)-ROW(B$4)+1))))} -> 0 | D15: 0 | E15: 0 | F15: 0 | G15: =E15+F15 -> 0 | H15: =D15+G15 -> 0 | I15: 0 | J15: 0 | K15: =J15-I15 -> 0 | N15: 0 | O15: 0 | P15: =IF(H15>0,C15/H15,0) -> 0 | Q15: 0 | R15: {=INDEX(FPLBillHistory_BilledPricePerKW_Range, MATCH(1, (A15>=FPLBillHistory_BillFromDate_Range)*(A15<=FPLBillHistory_BillToDate_Range), 0))} -> 0.13702268 | S15: =D15*Q15 -> 0 | T15: =G15*R15 -> 0 | U15: =SUM(S15:T15) -> 0 | V15: 0 | W15: =C15/MPG_Kia -> 0 | X15: =V15*W15 -> 0 | Y15: =X15-U15 -> 0 | Z15: =IFERROR((X15-U15)/X15,0) -> 0 | AA15: =G15*Q15-G15*R15 -> 0 | AB15: =H15*Q15 -> 0 | AC15: =V15*W15 -> 0 | AD15: =H15*R15 -> 0 | AE15: =X15-AB15 -> 0 | AF15: =X15-AD15 -> 0 | AG15: =AB15-AD15 -> 0 | AH15: ='Gas Chemistry'!$B$11*$W15 -> 0 | AI15: ='Gas Chemistry'!$B$12*$W15 -> 0 | AJ15: 0 | AK15: ='Gas Chemistry'!$B$13*$W15 -> 0 | AL15: ='Gas Chemistry'!$B$14*$W15 -> 0 | AM15: ='Gas Chemistry'!$B$15*$W15 -> 0 | AN15: ='Gas Chemistry'!$B$16*$W15 -> 0 | AO15: ='Gas Chemistry'!$B$17*$W15 -> 0 | AP15: =H15*Constants!$C$14 -> 0 | AQ15: ='Gas Chemistry'!$C$122*$AP15 -> 0 | AR15: ='Gas Chemistry'!$C$123*$AP15 -> 0 | AS15: ='Gas Chemistry'!$C$127*$AP15 -> 0 | AT15: ='Gas Chemistry'!$C$124*$AP15 -> 0 | AU15: ='Gas Chemistry'!$C$126*$AP15 -> 0 | AV15: ='Gas Chemistry'!$C$125*$AP15 -> 0 | AW15: 0 | AX15: 0
A16: 45911 | B16: 0 | C16: {=IF(B16=0, 0, B16 - INDEX(B$4:B15, MAX(IF(B$4:B15<>0, ROW(B$4:B15)-ROW(B$4)+1))))} -> 0 | D16: 0 | E16: 0 | F16: 0 | G16: =E16+F16 -> 0 | H16: =D16+G16 -> 0 | I16: 0 | J16: 0 | K16: =J16-I16 -> 0 | N16: 0 | O16: 0 | P16: =IF(H16>0,C16/H16,0) -> 0 | Q16: 0 | R16: {=INDEX(FPLBillHistory_BilledPricePerKW_Range, MATCH(1, (A16>=FPLBillHistory_BillFromDate_Range)*(A16<=FPLBillHistory_BillToDate_Range), 0))} -> 0.13702268 | S16: =D16*Q16 -> 0 | T16: =G16*R16 -> 0 | U16: =SUM(S16:T16) -> 0 | V16: 0 | W16: =C16/MPG_Kia -> 0 | X16: =V16*W16 -> 0 | Y16: =X16-U16 -> 0 | Z16: =IFERROR((X16-U16)/X16,0) -> 0 | AA16: =G16*Q16-G16*R16 -> 0 | AB16: =H16*Q16 -> 0 | AC16: =V16*W16 -> 0 | AD16: =H16*R16 -> 0 | AE16: =X16-AB16 -> 0 | AF16: =X16-AD16 -> 0 | AG16: =AB16-AD16 -> 0 | AH16: ='Gas Chemistry'!$B$11*$W16 -> 0 | AI16: ='Gas Chemistry'!$B$12*$W16 -> 0 | AJ16: 0 | AK16: ='Gas Chemistry'!$B$13*$W16 -> 0 | AL16: ='Gas Chemistry'!$B$14*$W16 -> 0 | AM16: ='Gas Chemistry'!$B$15*$W16 -> 0 | AN16: ='Gas Chemistry'!$B$16*$W16 -> 0 | AO16: ='Gas Chemistry'!$B$17*$W16 -> 0 | AP16: =H16*Constants!$C$14 -> 0 | AQ16: ='Gas Chemistry'!$C$122*$AP16 -> 0 | AR16: ='Gas Chemistry'!$C$123*$AP16 -> 0 | AS16: ='Gas Chemistry'!$C$127*$AP16 -> 0 | AT16: ='Gas Chemistry'!$C$124*$AP16 -> 0 | AU16: ='Gas Chemistry'!$C$126*$AP16 -> 0 | AV16: ='Gas Chemistry'!$C$125*$AP16 -> 0 | AW16: 0 | AX16: 0
A17: 45912 | B17: 325 | C17: {=IF(B17=0, 0, B17 - INDEX(B$4:B16, MAX(IF(B$4:B16<>0, ROW(B$4:B16)-ROW(B$4)+1))))} -> 25 | D17: 0 | E17: 4 | F17: 0 | G17: =E17+F17 -> 4 | H17: =D17+G17 -> 4 | I17: 0 | J17: 0 | K17: =J17-I17 -> 0 | L17: 0.83333333 | M17: 0 | N17: 8 | O17: 0 | P17: =IF(H17>0,C17/H17,0) -> 6.25 | Q17: 0.39 | R17: {=INDEX(FPLBillHistory_BilledPricePerKW_Range, MATCH(1, (A17>=FPLBillHistory_BillFromDate_Range)*(A17<=FPLBillHistory_BillToDate_Range), 0))} -> 0.13702268 | S17: =D17*Q17 -> 0 | T17: =G17*R17 -> 0.54809071 | U17: =SUM(S17:T17) -> 0.54809071 | V17: 2.75 | W17: =C17/MPG_Kia -> 1 | X17: =V17*W17 -> 2.75 | Y17: =X17-U17 -> 2.2019093 | Z17: =IFERROR((X17-U17)/X17,0) -> 0.80069429 | AA17: =G17*Q17-G17*R17 -> 1.0119093 | AB17: =H17*Q17 -> 1.56 | AC17: =V17*W17 -> 2.75 | AD17: =H17*R17 -> 0.54809071 | AE17: =X17-AB17 -> 1.19 | AF17: =X17-AD17 -> 2.2019093 | AG17: =AB17-AD17 -> 1.0119093 | AH17: ='Gas Chemistry'!$B$11*$W17 -> 19.6 | AI17: ='Gas Chemistry'!$B$12*$W17 -> 8 | AJ17: 0 | AK17: ='Gas Chemistry'!$B$13*$W17 -> 0.02 | AL17: ='Gas Chemistry'!$B$14*$W17 -> 0.01 | AM17: ='Gas Chemistry'!$B$15*$W17 -> 0.002 | AN17: ='Gas Chemistry'!$B$16*$W17 -> 0.001 | AO17: ='Gas Chemistry'!$B$17*$W17 -> 0.004 | AP17: =H17*Constants!$C$14 -> 13.648 | AQ17: ='Gas Chemistry'!$C$122*$AP17 -> 1.596816 | AR17: ='Gas Chemistry'!$C$123*$AP17 -> 1.965312 | AS17: ='Gas Chemistry'!$C$127*$AP17 -> 64.1456 | AT17: ='Gas Chemistry'!$C$124*$AP17 -> 0.001146432 | AU17: ='Gas Chemistry'!$C$126*$AP17 -> 0.0013648 | AV17: ='Gas Chemistry'!$C$125*$AP17 -> 6.824e-05 | AW17: 0 | AX17: 0
A18: 45913 | B18: 425 | C18: {=IF(B18=0, 0, B18 - INDEX(B$4:B17, MAX(IF(B$4:B17<>0, ROW(B$4:B17)-ROW(B$4)+1))))} -> 100 | D18: 38 | E18: 10 | F18: 0 | G18: =E18+F18 -> 10 | H18: =D18+G18 -> 48 | I18: 0 | J18: 80 | K18: =J18-I18 -> 80 | L18: 0.83333333 | M18: 0.33333333 | N18: 12 | O18: 0 | P18: =IF(H18>0,C18/H18,0) -> 2.0833333 | Q18: 0.3 | R18: {=INDEX(FPLBillHistory_BilledPricePerKW_Range, MATCH(1, (A18>=FPLBillHistory_BillFromDate_Range)*(A18<=FPLBillHistory_BillToDate_Range), 0))} -> 0.13702268 | S18: =D18*Q18 -> 11.4 | T18: =G18*R18 -> 1.3702268 | U18: =SUM(S18:T18) -> 12.770227 | V18: 2.75 | W18: =C18/MPG_Kia -> 4 | X18: =V18*W18 -> 11 | Y18: =X18-U18 -> -1.7702268 | Z18: =IFERROR((X18-U18)/X18,0) -> -0.16092971 | AA18: =G18*Q18-G18*R18 -> 1.6297732 | AB18: =H18*Q18 -> 14.4 | AC18: =V18*W18 -> 11 | AD18: =H18*R18 -> 6.5770885 | AE18: =X18-AB18 -> -3.4 | AF18: =X18-AD18 -> 4.4229115 | AG18: =AB18-AD18 -> 7.8229115 | AH18: ='Gas Chemistry'!$B$11*$W18 -> 78.4 | AI18: ='Gas Chemistry'!$B$12*$W18 -> 32 | AJ18: 0 | AK18: ='Gas Chemistry'!$B$13*$W18 -> 0.08 | AL18: ='Gas Chemistry'!$B$14*$W18 -> 0.04 | AM18: ='Gas Chemistry'!$B$15*$W18 -> 0.008 | AN18: ='Gas Chemistry'!$B$16*$W18 -> 0.004 | AO18: ='Gas Chemistry'!$B$17*$W18 -> 0.016 | AP18: =H18*Constants!$C$14 -> 163.776 | AQ18: ='Gas Chemistry'!$C$122*$AP18 -> 19.161792 | AR18: ='Gas Chemistry'!$C$123*$AP18 -> 23.583744 | AS18: ='Gas Chemistry'!$C$127*$AP18 -> 769.7472 | AT18: ='Gas Chemistry'!$C$124*$AP18 -> 0.013757184 | AU18: ='Gas Chemistry'!$C$126*$AP18 -> 0.0163776 | AV18: ='Gas Chemistry'!$C$125*$AP18 -> 0.00081888 | AW18: 0 | AX18: 0
A19: 45914 | B19: 430 | C19: {=IF(B19=0, 0, B19 - INDEX(B$4:B18, MAX(IF(B$4:B18<>0, ROW(B$4:B18)-ROW(B$4)+1))))} -> 5 | D19: 0 | E19: 7 | F19: 0 | G19: =E19+F19 -> 7 | H19: =D19+G19 -> 7 | I19: 0 | J19: 0 | K19: =J19-I19 -> 0 | L19: 0.83333333 | M19: 0.20833333 | N19: 9 | O19: 0 | P19: =IF(H19>0,C19/H19,0) -> 0.71428571 | Q19: 0.39 | R19: {=INDEX(FPLBillHistory_BilledPricePerKW_Range, MATCH(1, (A19>=FPLBillHistory_BillFromDate_Range)*(A19<=FPLBillHistory_BillToDate_Range), 0))} -> 0.13702268 | S19: =D19*Q19 -> 0 | T19: =G19*R19 -> 0.95915874 | U19: =SUM(S19:T19) -> 0.95915874 | V19: 2.75 | W19: =C19/MPG_Kia -> 0.2 | X19: =V19*W19 -> 0.55 | Y19: =X19-U19 -> -0.40915874 | Z19: =IFERROR((X19-U19)/X19,0) -> -0.74392499 | AA19: =G19*Q19-G19*R19 -> 1.7708413 | AB19: =H19*Q19 -> 2.73 | AC19: =V19*W19 -> 0.55 | AD19: =H19*R19 -> 0.95915874 | AE19: =X19-AB19 -> -2.18 | AF19: =X19-AD19 -> -0.40915874 | AG19: =AB19-AD19 -> 1.7708413 | AH19: ='Gas Chemistry'!$B$11*$W19 -> 3.92 | AI19: ='Gas Chemistry'!$B$12*$W19 -> 1.6 | AJ19: 0 | AK19: ='Gas Chemistry'!$B$13*$W19 -> 0.004 | AL19: ='Gas Chemistry'!$B$14*$W19 -> 0.002 | AM19: ='Gas Chemistry'!$B$15*$W19 -> 0.0004 | AN19: ='Gas Chemistry'!$B$16*$W19 -> 0.0002 | AO19: ='Gas Chemistry'!$B$17*$W19 -> 0.0008 | AP19: =H19*Constants!$C$14 -> 23.884 | AQ19: ='Gas Chemistry'!$C$122*$AP19 -> 2.794428 | AR19: ='Gas Chemistry'!$C$123*$AP19 -> 3.439296 | AS19: ='Gas Chemistry'!$C$127*$AP19 -> 112.2548 | AT19: ='Gas Chemistry'!$C$124*$AP19 -> 0.002006256 | AU19: ='Gas Chemistry'!$C$126*$AP19 -> 0.0023884 | AV19: ='Gas Chemistry'!$C$125*$AP19 -> 0.00011942 | AW19: 0 | AX19: 0
A20: 45915 | B20: 0 | C20: {=IF(B20=0, 0, B20 - INDEX(B$4:B19, MAX(IF(B$4:B19<>0, ROW(B$4:B19)-ROW(B$4)+1))))} -> 0 | D20: 0 | E20: 0 | F20: 0 | G20: =E20+F20 -> 0 | H20: =D20+G20 -> 0 | I20: 0 | J20: 0 | K20: =J20-I20 -> 0 | N20: 0 | O20: 0 | P20: =IF(H20>0,C20/H20,0) -> 0 | Q20: 0 | R20: {=INDEX(FPLBillHistory_BilledPricePerKW_Range, MATCH(1, (A20>=FPLBillHistory_BillFromDate_Range)*(A20<=FPLBillHistory_BillToDate_Range), 0))} -> 0.13702268 | S20: =D20*Q20 -> 0 | T20: =G20*R20 -> 0 | U20: =SUM(S20:T20) -> 0 | V20: 0 | W20: =C20/MPG_Kia -> 0 | X20: =V20*W20 -> 0 | Y20: =X20-U20 -> 0 | Z20: =IFERROR((X20-U20)/X20,0) -> 0 | AA20: =G20*Q20-G20*R20 -> 0 | AB20: =H20*Q20 -> 0 | AC20: =V20*W20 -> 0 | AD20: =H20*R20 -> 0 | AE20: =X20-AB20 -> 0 | AF20: =X20-AD20 -> 0 | AG20: =AB20-AD20 -> 0 | AH20: ='Gas Chemistry'!$B$11*$W20 -> 0 | AI20: ='Gas Chemistry'!$B$12*$W20 -> 0 | AJ20: 0 | AK20: ='Gas Chemistry'!$B$13*$W20 -> 0 | AL20: ='Gas Chemistry'!$B$14*$W20 -> 0 | AM20: ='Gas Chemistry'!$B$15*$W20 -> 0 | AN20: ='Gas Chemistry'!$B$16*$W20 -> 0 | AO20: ='Gas Chemistry'!$B$17*$W20 -> 0 | AP20: =H20*Constants!$C$14 -> 0 | AQ20: ='Gas Chemistry'!$C$122*$AP20 -> 0 | AR20: ='Gas Chemistry'!$C$123*$AP20 -> 0 | AS20: ='Gas Chemistry'!$C$127*$AP20 -> 0 | AT20: ='Gas Chemistry'!$C$124*$AP20 -> 0 | AU20: ='Gas Chemistry'!$C$126*$AP20 -> 0 | AV20: ='Gas Chemistry'!$C$125*$AP20 -> 0 | AW20: 0 | AX20: 0
A21: 45916 | B21: 552 | C21: {=IF(B21=0, 0, B21 - INDEX(B$4:B20, MAX(IF(B$4:B20<>0, ROW(B$4:B20)-ROW(B$4)+1))))} -> 122 | D21: 0 | E21: 21 | F21: 0 | G21: =E21+F21 -> 21 | H21: =D21+G21 -> 21 | I21: 60 | J21: 73 | K21: =J21-I21 -> 13 | L21: 0.83333333 | M21: 0.20833333 | N21: 18 | O21: 0 | P21: =IF(H21>0,C21/H21,0) -> 5.8095238 | Q21: 0.39 | R21: {=INDEX(FPLBillHistory_BilledPricePerKW_Range, MATCH(1, (A21>=FPLBillHistory_BillFromDate_Range)*(A21<=FPLBillHistory_BillToDate_Range), 0))} -> 0.13702268 | S21: =D21*Q21 -> 0 | T21: =G21*R21 -> 2.8774762 | U21: =SUM(S21:T21) -> 2.8774762 | V21: 2.75 | W21: =C21/MPG_Kia -> 4.88 | X21: =V21*W21 -> 13.42 | Y21: =X21-U21 -> 10.542524 | Z21: =IFERROR((X21-U21)/X21,0) -> 0.78558299 | AA21: =G21*Q21-G21*R21 -> 5.3125238 | AB21: =H21*Q21 -> 8.19 | AC21: =V21*W21 -> 13.42 | AD21: =H21*R21 -> 2.8774762 | AE21: =X21-AB21 -> 5.23 | AF21: =X21-AD21 -> 10.542524 | AG21: =AB21-AD21 -> 5.3125238 | AH21: ='Gas Chemistry'!$B$11*$W21 -> 95.648 | AI21: ='Gas Chemistry'!$B$12*$W21 -> 39.04 | AJ21: 0 | AK21: ='Gas Chemistry'!$B$13*$W21 -> 0.0976 | AL21: ='Gas Chemistry'!$B$14*$W21 -> 0.0488 | AM21: ='Gas Chemistry'!$B$15*$W21 -> 0.00976 | AN21: ='Gas Chemistry'!$B$16*$W21 -> 0.00488 | AO21: ='Gas Chemistry'!$B$17*$W21 -> 0.01952 | AP21: =H21*Constants!$C$14 -> 71.652 | AQ21: ='Gas Chemistry'!$C$122*$AP21 -> 8.383284 | AR21: ='Gas Chemistry'!$C$123*$AP21 -> 10.317888 | AS21: ='Gas Chemistry'!$C$127*$AP21 -> 336.7644 | AT21: ='Gas Chemistry'!$C$124*$AP21 -> 0.006018768 | AU21: ='Gas Chemistry'!$C$126*$AP21 -> 0.0071652 | AV21: ='Gas Chemistry'!$C$125*$AP21 -> 0.00035826 | AW21: 0 | AX21: 0
A22: 45917 | B22: 561 | C22: {=IF(B22=0, 0, B22 - INDEX(B$4:B21, MAX(IF(B$4:B21<>0, ROW(B$4:B21)-ROW(B$4)+1))))} -> 9 | D22: 0 | E22: 8 | F22: 0 | G22: =E22+F22 -> 8 | H22: =D22+G22 -> 8 | I22: 70 | J22: 80 | K22: =J22-I22 -> 10 | L22: 0.83333333 | M22: 0.20833333 | N22: 9 | O22: 282 | P22: =IF(H22>0,C22/H22,0) -> 1.125 | Q22: 0.39 | R22: {=INDEX(FPLBillHistory_BilledPricePerKW_Range, MATCH(1, (A22>=FPLBillHistory_BillFromDate_Range)*(A22<=FPLBillHistory_BillToDate_Range), 0))} -> 0.13702268 | S22: =D22*Q22 -> 0 | T22: =G22*R22 -> 1.0961814 | U22: =SUM(S22:T22) -> 1.0961814 | V22: 2.75 | W22: =C22/MPG_Kia -> 0.36 | X22: =V22*W22 -> 0.99 | Y22: =X22-U22 -> -0.10618142 | Z22: =IFERROR((X22-U22)/X22,0) -> -0.10725396 | AA22: =G22*Q22-G22*R22 -> 2.0238186 | AB22: =H22*Q22 -> 3.12 | AC22: =V22*W22 -> 0.99 | AD22: =H22*R22 -> 1.0961814 | AE22: =X22-AB22 -> -2.13 | AF22: =X22-AD22 -> -0.10618142 | AG22: =AB22-AD22 -> 2.0238186 | AH22: ='Gas Chemistry'!$B$11*$W22 -> 7.056 | AI22: ='Gas Chemistry'!$B$12*$W22 -> 2.88 | AJ22: 0 | AK22: ='Gas Chemistry'!$B$13*$W22 -> 0.0072 | AL22: ='Gas Chemistry'!$B$14*$W22 -> 0.0036 | AM22: ='Gas Chemistry'!$B$15*$W22 -> 0.00072 | AN22: ='Gas Chemistry'!$B$16*$W22 -> 0.00036 | AO22: ='Gas Chemistry'!$B$17*$W22 -> 0.00144 | AP22: =H22*Constants!$C$14 -> 27.296 | AQ22: ='Gas Chemistry'!$C$122*$AP22 -> 3.193632 | AR22: ='Gas Chemistry'!$C$123*$AP22 -> 3.930624 | AS22: ='Gas Chemistry'!$C$127*$AP22 -> 128.2912 | AT22: ='Gas Chemistry'!$C$124*$AP22 -> 0.002292864 | AU22: ='Gas Chemistry'!$C$126*$AP22 -> 0.0027296 | AV22: ='Gas Chemistry'!$C$125*$AP22 -> 0.00013648 | AW22: 0 | AX22: 0
A23: 45918 | B23: 569 | C23: {=IF(B23=0, 0, B23 - INDEX(B$4:B22, MAX(IF(B$4:B22<>0, ROW(B$4:B22)-ROW(B$4)+1))))} -> 8 | D23: 0 | E23: 7 | F23: 0 | G23: =E23+F23 -> 7 | H23: =D23+G23 -> 7 | I23: 73 | J23: 80 | K23: =J23-I23 -> 7 | L23: 0.83333333 | M23: 0.20833333 | N23: 9 | O23: 282 | P23: =IF(H23>0,C23/H23,0) -> 1.1428571 | Q23: 0.39 | R23: {=INDEX(FPLBillHistory_BilledPricePerKW_Range, MATCH(1, (A23>=FPLBillHistory_BillFromDate_Range)*(A23<=FPLBillHistory_BillToDate_Range), 0))} -> 0.13702268 | S23: =D23*Q23 -> 0 | T23: =G23*R23 -> 0.95915874 | U23: =SUM(S23:T23) -> 0.95915874 | V23: 2.75 | W23: =C23/MPG_Kia -> 0.32 | X23: =V23*W23 -> 0.88 | Y23: =X23-U23 -> -0.079158742 | Z23: =IFERROR((X23-U23)/X23,0) -> -0.089953116 | AA23: =G23*Q23-G23*R23 -> 1.7708413 | AB23: =H23*Q23 -> 2.73 | AC23: =V23*W23 -> 0.88 | AD23: =H23*R23 -> 0.95915874 | AE23: =X23-AB23 -> -1.85 | AF23: =X23-AD23 -> -0.079158742 | AG23: =AB23-AD23 -> 1.7708413 | AH23: ='Gas Chemistry'!$B$11*$W23 -> 6.272 | AI23: ='Gas Chemistry'!$B$12*$W23 -> 2.56 | AJ23: 0 | AK23: ='Gas Chemistry'!$B$13*$W23 -> 0.0064 | AL23: ='Gas Chemistry'!$B$14*$W23 -> 0.0032 | AM23: ='Gas Chemistry'!$B$15*$W23 -> 0.00064 | AN23: ='Gas Chemistry'!$B$16*$W23 -> 0.00032 | AO23: ='Gas Chemistry'!$B$17*$W23 -> 0.00128 | AP23: =H23*Constants!$C$14 -> 23.884 | AQ23: ='Gas Chemistry'!$C$122*$AP23 -> 2.794428 | AR23: ='Gas Chemistry'!$C$123*$AP23 -> 3.439296 | AS23: ='Gas Chemistry'!$C$127*$AP23 -> 112.2548 | AT23: ='Gas Chemistry'!$C$124*$AP23 -> 0.002006256 | AU23: ='Gas Chemistry'!$C$126*$AP23 -> 0.0023884 | AV23: ='Gas Chemistry'!$C$125*$AP23 -> 0.00011942 | AW23: 0 | AX23: 0
A24: 45919 | B24: 594 | C24: {=IF(B24=0, 0, B24 - INDEX(B$4:B23, MAX(IF(B$4:B23<>0, ROW(B$4:B23)-ROW(B$4)+1))))} -> 25 | D24: 0 | E24: 7 | F24: 0 | G24: =E24+F24 -> 7 | H24: =D24+G24 -> 7 | I24: 71 | J24: 80 | K24: =J24-I24 -> 9 | L24: 0.83333333 | M24: 0.20833333 | N24: 9 | O24: 282 | P24: =IF(H24>0,C24/H24,0) -> 3.5714286 | Q24: 0.39 | R24: {=INDEX(FPLBillHistory_BilledPricePerKW_Range, MATCH(1, (A24>=FPLBillHistory_BillFromDate_Range)*(A24<=FPLBillHistory_BillToDate_Range), 0))} -> 0.13702268 | S24: =D24*Q24 -> 0 | T24: =G24*R24 -> 0.95915874 | U24: =SUM(S24:T24) -> 0.95915874 | V24: 2.75 | W24: =C24/MPG_Kia -> 1 | X24: =V24*W24 -> 2.75 | Y24: =X24-U24 -> 1.7908413 | Z24: =IFERROR((X24-U24)/X24,0) -> 0.651215 | AA24: =G24*Q24-G24*R24 -> 1.7708413 | AB24: =H24*Q24 -> 2.73 | AC24: =V24*W24 -> 2.75 | AD24: =H24*R24 -> 0.95915874 | AE24: =X24-AB24 -> 0.02 | AF24: =X24-AD24 -> 1.7908413 | AG24: =AB24-AD24 -> 1.7708413 | AH24: ='Gas Chemistry'!$B$11*$W24 -> 19.6 | AI24: ='Gas Chemistry'!$B$12*$W24 -> 8 | AJ24: 0 | AK24: ='Gas Chemistry'!$B$13*$W24 -> 0.02 | AL24: ='Gas Chemistry'!$B$14*$W24 -> 0.01 | AM24: ='Gas Chemistry'!$B$15*$W24 -> 0.002 | AN24: ='Gas Chemistry'!$B$16*$W24 -> 0.001 | AO24: ='Gas Chemistry'!$B$17*$W24 -> 0.004 | AP24: =H24*Constants!$C$14 -> 23.884 | AQ24: ='Gas Chemistry'!$C$122*$AP24 -> 2.794428 | AR24: ='Gas Chemistry'!$C$123*$AP24 -> 3.439296 | AS24: ='Gas Chemistry'!$C$127*$AP24 -> 112.2548 | AT24: ='Gas Chemistry'!$C$124*$AP24 -> 0.002006256 | AU24: ='Gas Chemistry'!$C$126*$AP24 -> 0.0023884 | AV24: ='Gas Chemistry'!$C$125*$AP24 -> 0.00011942 | AW24: 0 | AX24: 0
A25: 45920 | B25: 676 | C25: {=IF(B25=0, 0, B25 - INDEX(B$4:B24, MAX(IF(B$4:B24<>0, ROW(B$4:B24)-ROW(B$4)+1))))} -> 82 | D25: 0 | E25: 13 | F25: 0 | G25: =E25+F25 -> 13 | H25: =D25+G25 -> 13 | I25: 51 | J25: 70 | K25: =J25-I25 -> 19 | L25: 0.83333333 | M25: 0.375 | N25: 13 | O25: 248 | P25: =IF(H25>0,C25/H25,0) -> 6.3076923 | Q25: 0.39 | R25: {=INDEX(FPLBillHistory_BilledPricePerKW_Range, MATCH(1, (A25>=FPLBillHistory_BillFromDate_Range)*(A25<=FPLBillHistory_BillToDate_Range), 0))} -> 0.13702268 | S25: =D25*Q25 -> 0 | T25: =G25*R25 -> 1.7812948 | U25: =SUM(S25:T25) -> 1.7812948 | V25: 2.75 | W25: =C25/MPG_Kia -> 3.28 | X25: =V25*W25 -> 9.02 | Y25: =X25-U25 -> 7.2387052 | Z25: =IFERROR((X25-U25)/X25,0) -> 0.80251721 | AA25: =G25*Q25-G25*R25 -> 3.2887052 | AB25: =H25*Q25 -> 5.07 | AC25: =V25*W25 -> 9.02 | AD25: =H25*R25 -> 1.7812948 | AE25: =X25-AB25 -> 3.95 | AF25: =X25-AD25 -> 7.2387052 | AG25: =AB25-AD25 -> 3.2887052 | AH25: ='Gas Chemistry'!$B$11*$W25 -> 64.288 | AI25: ='Gas Chemistry'!$B$12*$W25 -> 26.24 | AJ25: 0 | AK25: ='Gas Chemistry'!$B$13*$W25 -> 0.0656 | AL25: ='Gas Chemistry'!$B$14*$W25 -> 0.0328 | AM25: ='Gas Chemistry'!$B$15*$W25 -> 0.00656 | AN25: ='Gas Chemistry'!$B$16*$W25 -> 0.00328 | AO25: ='Gas Chemistry'!$B$17*$W25 -> 0.01312 | AP25: =H25*Constants!$C$14 -> 44.356 | AQ25: ='Gas Chemistry'!$C$122*$AP25 -> 5.189652 | AR25: ='Gas Chemistry'!$C$123*$AP25 -> 6.387264 | AS25: ='Gas Chemistry'!$C$127*$AP25 -> 208.4732 | AT25: ='Gas Chemistry'!$C$124*$AP25 -> 0.003725904 | AU25: ='Gas Chemistry'!$C$126*$AP25 -> 0.0044356 | AV25: ='Gas Chemistry'!$C$125*$AP25 -> 0.00022178 | AW25: 0 | AX25: 0
A26: 45921 | B26: 682 | C26: {=IF(B26=0, 0, B26 - INDEX(B$4:B25, MAX(IF(B$4:B25<>0, ROW(B$4:B25)-ROW(B$4)+1))))} -> 6 | D26: 0 | E26: 15 | F26: 0 | G26: =E26+F26 -> 15 | H26: =D26+G26 -> 15 | I26: 62 | J26: 78 | K26: =J26-I26 -> 16 | L26: 0.875 | M26: 0.375 | N26: 12 | O26: 276 | P26: =IF(H26>0,C26/H26,0) -> 0.4 | Q26: 0.39 | R26: {=INDEX(FPLBillHistory_BilledPricePerKW_Range, MATCH(1, (A26>=FPLBillHistory_BillFromDate_Range)*(A26<=FPLBillHistory_BillToDate_Range), 0))} -> 0.13702268 | S26: =D26*Q26 -> 0 | T26: =G26*R26 -> 2.0553402 | U26: =SUM(S26:T26) -> 2.0553402 | V26: 2.75 | W26: =C26/MPG_Kia -> 0.24 | X26: =V26*W26 -> 0.66 | Y26: =X26-U26 -> -1.3953402 | Z26: =IFERROR((X26-U26)/X26,0) -> -2.1141518 | AA26: =G26*Q26-G26*R26 -> 3.7946598 | AB26: =H26*Q26 -> 5.85 | AC26: =V26*W26 -> 0.66 | AD26: =H26*R26 -> 2.0553402 | AE26: =X26-AB26 -> -5.19 | AF26: =X26-AD26 -> -1.3953402 | AG26: =AB26-AD26 -> 3.7946598 | AH26: ='Gas Chemistry'!$B$11*$W26 -> 4.704 | AI26: ='Gas Chemistry'!$B$12*$W26 -> 1.92 | AJ26: 0 | AK26: ='Gas Chemistry'!$B$13*$W26 -> 0.0048 | AL26: ='Gas Chemistry'!$B$14*$W26 -> 0.0024 | AM26: ='Gas Chemistry'!$B$15*$W26 -> 0.00048 | AN26: ='Gas Chemistry'!$B$16*$W26 -> 0.00024 | AO26: ='Gas Chemistry'!$B$17*$W26 -> 0.00096 | AP26: =H26*Constants!$C$14 -> 51.18 | AQ26: ='Gas Chemistry'!$C$122*$AP26 -> 5.98806 | AR26: ='Gas Chemistry'!$C$123*$AP26 -> 7.36992 | AS26: ='Gas Chemistry'!$C$127*$AP26 -> 240.546 | AT26: ='Gas Chemistry'!$C$124*$AP26 -> 0.00429912 | AU26: ='Gas Chemistry'!$C$126*$AP26 -> 0.005118 | AV26: ='Gas Chemistry'!$C$125*$AP26 -> 0.0002559 | AW26: 0 | AX26: 0
A27: 45922 | B27: 693 | C27: {=IF(B27=0, 0, B27 - INDEX(B$4:B26, MAX(IF(B$4:B26<>0, ROW(B$4:B26)-ROW(B$4)+1))))} -> 11 | D27: 0 | E27: 15 | F27: 0 | G27: =E27+F27 -> 15 | H27: =D27+G27 -> 15 | I27: 66 | J27: 80 | K27: =J27-I27 -> 14 | L27: 0.83333333 | M27: 0.22638889 | N27: 9 | O27: 282 | P27: =IF(H27>0,C27/H27,0) -> 0.73333333 | Q27: 0.39 | R27: {=INDEX(FPLBillHistory_BilledPricePerKW_Range, MATCH(1, (A27>=FPLBillHistory_BillFromDate_Range)*(A27<=FPLBillHistory_BillToDate_Range), 0))} -> 0.13702268 | S27: =D27*Q27 -> 0 | T27: =G27*R27 -> 2.0553402 | U27: =SUM(S27:T27) -> 2.0553402 | V27: 2.79 | W27: =C27/MPG_Kia -> 0.44 | X27: =V27*W27 -> 1.2276 | Y27: =X27-U27 -> -0.82774016 | Z27: =IFERROR((X27-U27)/X27,0) -> -0.67427514 | AA27: =G27*Q27-G27*R27 -> 3.7946598 | AB27: =H27*Q27 -> 5.85 | AC27: =V27*W27 -> 1.2276 | AD27: =H27*R27 -> 2.0553402 | AE27: =X27-AB27 -> -4.6224 | AF27: =X27-AD27 -> -0.82774016 | AG27: =AB27-AD27 -> 3.7946598 | AH27: ='Gas Chemistry'!$B$11*$W27 -> 8.624 | AI27: ='Gas Chemistry'!$B$12*$W27 -> 3.52 | AJ27: 0 | AK27: ='Gas Chemistry'!$B$13*$W27 -> 0.0088 | AL27: ='Gas Chemistry'!$B$14*$W27 -> 0.0044 | AM27: ='Gas Chemistry'!$B$15*$W27 -> 0.00088 | AN27: ='Gas Chemistry'!$B$16*$W27 -> 0.00044 | AO27: ='Gas Chemistry'!$B$17*$W27 -> 0.00176 | AP27: =H27*Constants!$C$14 -> 51.18 | AQ27: ='Gas Chemistry'!$C$122*$AP27 -> 5.98806 | AR27: ='Gas Chemistry'!$C$123*$AP27 -> 7.36992 | AS27: ='Gas Chemistry'!$C$127*$AP27 -> 240.546 | AT27: ='Gas Chemistry'!$C$124*$AP27 -> 0.00429912 | AU27: ='Gas Chemistry'!$C$126*$AP27 -> 0.005118 | AV27: ='Gas Chemistry'!$C$125*$AP27 -> 0.0002559 | AW27: 0 | AX27: 0
A28: 45923 | B28: 0 | C28: {=IF(B28=0, 0, B28 - INDEX(B$4:B27, MAX(IF(B$4:B27<>0, ROW(B$4:B27)-ROW(B$4)+1))))} -> 0 | D28: 0 | E28: 0 | F28: 0 | G28: =E28+F28 -> 0 | H28: =D28+G28 -> 0 | I28: 0 | J28: 0 | K28: =J28-I28 -> 0 | N28: 0 | O28: 0 | P28: =IF(H28>0,C28/H28,0) -> 0 | Q28: 0 | R28: {=INDEX(FPLBillHistory_BilledPricePerKW_Range, MATCH(1, (A28>=FPLBillHistory_BillFromDate_Range)*(A28<=FPLBillHistory_BillToDate_Range), 0))} -> 0.13702268 | S28: =D28*Q28 -> 0 | T28: =G28*R28 -> 0 | U28: =SUM(S28:T28) -> 0 | V28: 0 | W28: =C28/MPG_Kia -> 0 | X28: =V28*W28 -> 0 | Y28: =X28-U28 -> 0 | Z28: =IFERROR((X28-U28)/X28,0) -> 0 | AA28: =G28*Q28-G28*R28 -> 0 | AB28: =H28*Q28 -> 0 | AC28: =V28*W28 -> 0 | AD28: =H28*R28 -> 0 | AE28: =X28-AB28 -> 0 | AF28: =X28-AD28 -> 0 | AG28: =AB28-AD28 -> 0 | AH28: ='Gas Chemistry'!$B$11*$W28 -> 0 | AI28: ='Gas Chemistry'!$B$12*$W28 -> 0 | AJ28: 0 | AK28: ='Gas Chemistry'!$B$13*$W28 -> 0 | AL28: ='Gas Chemistry'!$B$14*$W28 -> 0 | AM28: ='Gas Chemistry'!$B$15*$W28 -> 0 | AN28: ='Gas Chemistry'!$B$16*$W28 -> 0 | AO28: ='Gas Chemistry'!$B$17*$W28 -> 0 | AP28: =H28*Constants!$C$14 -> 0 | AQ28: ='Gas Chemistry'!$C$122*$AP28 -> 0 | AR28: ='Gas Chemistry'!$C$123*$AP28 -> 0 | AS28: ='Gas Chemistry'!$C$127*$AP28 -> 0 | AT28: ='Gas Chemistry'!$C$124*$AP28 -> 0 | AU28: ='Gas Chemistry'!$C$126*$AP28 -> 0 | AV28: ='Gas Chemistry'!$C$125*$AP28 -> 0 | AW28: 0 | AX28: 0
A29: 45924 | B29: 756 | C29: {=IF(B29=0, 0, B29 - INDEX(B$4:B28, MAX(IF(B$4:B28<>0, ROW(B$4:B28)-ROW(B$4)+1))))} -> 63 | D29: 0 | E29: 0 | F29: 9 | G29: =E29+F29 -> 9 | H29: =D29+G29 -> 9 | I29: 68 | J29: 80 | K29: =J29-I29 -> 12 | L29: 0.041666667 | M29: 0.11458333 | N29: 1.75 | O29: 282 | P29: =IF(H29>0,C29/H29,0) -> 7 | Q29: 0.39 | R29: {=INDEX(FPLBillHistory_BilledPricePerKW_Range, MATCH(1, (A29>=FPLBillHistory_BillFromDate_Range)*(A29<=FPLBillHistory_BillToDate_Range), 0))} -> 0.13702268 | S29: =D29*Q29 -> 0 | T29: =G29*R29 -> 1.2332041 | U29: =SUM(S29:T29) -> 1.2332041 | V29: 2.79 | W29: =C29/MPG_Kia -> 2.52 | X29: =V29*W29 -> 7.0308 | Y29: =X29-U29 -> 5.7975959 | Z29: =IFERROR((X29-U29)/X29,0) -> 0.82459975 | AA29: =G29*Q29-G29*R29 -> 2.2767959 | AB29: =H29*Q29 -> 3.51 | AC29: =V29*W29 -> 7.0308 | AD29: =H29*R29 -> 1.2332041 | AE29: =X29-AB29 -> 3.5208 | AF29: =X29-AD29 -> 5.7975959 | AG29: =AB29-AD29 -> 2.2767959 | AH29: ='Gas Chemistry'!$B$11*$W29 -> 49.392 | AI29: ='Gas Chemistry'!$B$12*$W29 -> 20.16 | AJ29: 0 | AK29: ='Gas Chemistry'!$B$13*$W29 -> 0.0504 | AL29: ='Gas Chemistry'!$B$14*$W29 -> 0.0252 | AM29: ='Gas Chemistry'!$B$15*$W29 -> 0.00504 | AN29: ='Gas Chemistry'!$B$16*$W29 -> 0.00252 | AO29: ='Gas Chemistry'!$B$17*$W29 -> 0.01008 | AP29: =H29*Constants!$C$14 -> 30.708 | AQ29: ='Gas Chemistry'!$C$122*$AP29 -> 3.592836 | AR29: ='Gas Chemistry'!$C$123*$AP29 -> 4.421952 | AS29: ='Gas Chemistry'!$C$127*$AP29 -> 144.3276 | AT29: ='Gas Chemistry'!$C$124*$AP29 -> 0.002579472 | AU29: ='Gas Chemistry'!$C$126*$AP29 -> 0.0030708 | AV29: ='Gas Chemistry'!$C$125*$AP29 -> 0.00015354 | AW29: 0 | AX29: 0
A30: 45925 | B30: 0 | C30: {=IF(B30=0, 0, B30 - INDEX(B$4:B29, MAX(IF(B$4:B29<>0, ROW(B$4:B29)-ROW(B$4)+1))))} -> 0 | D30: 0 | E30: 0 | F30: 0 | G30: =E30+F30 -> 0 | H30: =D30+G30 -> 0 | I30: 0 | J30: 0 | K30: =J30-I30 -> 0 | N30: 0 | O30: 0 | P30: =IF(H30>0,C30/H30,0) -> 0 | Q30: 0 | R30: {=INDEX(FPLBillHistory_BilledPricePerKW_Range, MATCH(1, (A30>=FPLBillHistory_BillFromDate_Range)*(A30<=FPLBillHistory_BillToDate_Range), 0))} -> 0.13702268 | S30: =D30*Q30 -> 0 | T30: =G30*R30 -> 0 | U30: =SUM(S30:T30) -> 0 | V30: 0 | W30: =C30/MPG_Kia -> 0 | X30: =V30*W30 -> 0 | Y30: =X30-U30 -> 0 | Z30: =IFERROR((X30-U30)/X30,0) -> 0 | AA30: =G30*Q30-G30*R30 -> 0 | AB30: =H30*Q30 -> 0 | AC30: =V30*W30 -> 0 | AD30: =H30*R30 -> 0 | AE30: =X30-AB30 -> 0 | AF30: =X30-AD30 -> 0 | AG30: =AB30-AD30 -> 0 | AH30: ='Gas Chemistry'!$B$11*$W30 -> 0 | AI30: ='Gas Chemistry'!$B$12*$W30 -> 0 | AJ30: 0 | AK30: ='Gas Chemistry'!$B$13*$W30 -> 0 | AL30: ='Gas Chemistry'!$B$14*$W30 -> 0 | AM30: ='Gas Chemistry'!$B$15*$W30 -> 0 | AN30: ='Gas Chemistry'!$B$16*$W30 -> 0 | AO30: ='Gas Chemistry'!$B$17*$W30 -> 0 | AP30: =H30*Constants!$C$14 -> 0 | AQ30: ='Gas Chemistry'!$C$122*$AP30 -> 0 | AR30: ='Gas Chemistry'!$C$123*$AP30 -> 0 | AS30: ='Gas Chemistry'!$C$127*$AP30 -> 0 | AT30: ='Gas Chemistry'!$C$124*$AP30 -> 0 | AU30: ='Gas Chemistry'!$C$126*$AP30 -> 0 | AV30: ='Gas Chemistry'!$C$125*$AP30 -> 0 | AW30: 0 | AX30: 0
A31: 45926 | B31: 876 | C31: {=IF(B31=0, 0, B31 - INDEX(B$4:B30, MAX(IF(B$4:B30<>0, ROW(B$4:B30)-ROW(B$4)+1))))} -> 120 | D31: 0 | E31: 0 | F31: 32 | G31: =E31+F31 -> 32 | H31: =D31+G31 -> 32 | I31: 44 | J31: 80 | K31: =J31-I31 -> 36 | L31: 0.8125 | M31: 0.033333333 | N31: 5.8 | O31: 282 | P31: =IF(H31>0,C31/H31,0) -> 3.75 | Q31: 0.39 | R31: {=INDEX(FPLBillHistory_BilledPricePerKW_Range, MATCH(1, (A31>=FPLBillHistory_BillFromDate_Range)*(A31<=FPLBillHistory_BillToDate_Range), 0))} -> 0.13702268 | S31: =D31*Q31 -> 0 | T31: =G31*R31 -> 4.3847257 | U31: =SUM(S31:T31) -> 4.3847257 | V31: 2.79 | W31: =C31/MPG_Kia -> 4.8 | X31: =V31*W31 -> 13.392 | Y31: =X31-U31 -> 9.0072743 | Z31: =IFERROR((X31-U31)/X31,0) -> 0.67258619 | AA31: =G31*Q31-G31*R31 -> 8.0952743 | AB31: =H31*Q31 -> 12.48 | AC31: =V31*W31 -> 13.392 | AD31: =H31*R31 -> 4.3847257 | AE31: =X31-AB31 -> 0.912 | AF31: =X31-AD31 -> 9.0072743 | AG31: =AB31-AD31 -> 8.0952743 | AH31: ='Gas Chemistry'!$B$11*$W31 -> 94.08 | AI31: ='Gas Chemistry'!$B$12*$W31 -> 38.4 | AJ31: 0 | AK31: ='Gas Chemistry'!$B$13*$W31 -> 0.096 | AL31: ='Gas Chemistry'!$B$14*$W31 -> 0.048 | AM31: ='Gas Chemistry'!$B$15*$W31 -> 0.0096 | AN31: ='Gas Chemistry'!$B$16*$W31 -> 0.0048 | AO31: ='Gas Chemistry'!$B$17*$W31 -> 0.0192 | AP31: =H31*Constants!$C$14 -> 109.184 | AQ31: ='Gas Chemistry'!$C$122*$AP31 -> 12.774528 | AR31: ='Gas Chemistry'!$C$123*$AP31 -> 15.722496 | AS31: ='Gas Chemistry'!$C$127*$AP31 -> 513.1648 | AT31: ='Gas Chemistry'!$C$124*$AP31 -> 0.009171456 | AU31: ='Gas Chemistry'!$C$126*$AP31 -> 0.0109184 | AV31: ='Gas Chemistry'!$C$125*$AP31 -> 0.00054592 | AW31: 0 | AX31: 0
A32: 45927 | B32: 0 | C32: {=IF(B32=0, 0, B32 - INDEX(B$4:B31, MAX(IF(B$4:B31<>0, ROW(B$4:B31)-ROW(B$4)+1))))} -> 0 | D32: 0 | E32: 0 | F32: 0 | G32: =E32+F32 -> 0 | H32: =D32+G32 -> 0 | I32: 0 | J32: 0 | K32: =J32-I32 -> 0 | N32: 0 | O32: 0 | P32: =IF(H32>0,C32/H32,0) -> 0 | Q32: 0 | R32: {=INDEX(FPLBillHistory_BilledPricePerKW_Range, MATCH(1, (A32>=FPLBillHistory_BillFromDate_Range)*(A32<=FPLBillHistory_BillToDate_Range), 0))} -> 0.13702268 | S32: =D32*Q32 -> 0 | T32: =G32*R32 -> 0 | U32: =SUM(S32:T32) -> 0 | V32: 0 | W32: =C32/MPG_Kia -> 0 | X32: =V32*W32 -> 0 | Y32: =X32-U32 -> 0 | Z32: =IFERROR((X32-U32)/X32,0) -> 0 | AA32: =G32*Q32-G32*R32 -> 0 | AB32: =H32*Q32 -> 0 | AC32: =V32*W32 -> 0 | AD32: =H32*R32 -> 0 | AE32: =X32-AB32 -> 0 | AF32: =X32-AD32 -> 0 | AG32: =AB32-AD32 -> 0 | AH32: ='Gas Chemistry'!$B$11*$W32 -> 0 | AI32: ='Gas Chemistry'!$B$12*$W32 -> 0 | AJ32: 0 | AK32: ='Gas Chemistry'!$B$13*$W32 -> 0 | AL32: ='Gas Chemistry'!$B$14*$W32 -> 0 | AM32: ='Gas Chemistry'!$B$15*$W32 -> 0 | AN32: ='Gas Chemistry'!$B$16*$W32 -> 0 | AO32: ='Gas Chemistry'!$B$17*$W32 -> 0 | AP32: =H32*Constants!$C$14 -> 0 | AQ32: ='Gas Chemistry'!$C$122*$AP32 -> 0 | AR32: ='Gas Chemistry'!$C$123*$AP32 -> 0 | AS32: ='Gas Chemistry'!$C$127*$AP32 -> 0 | AT32: ='Gas Chemistry'!$C$124*$AP32 -> 0 | AU32: ='Gas Chemistry'!$C$126*$AP32 -> 0 | AV32: ='Gas Chemistry'!$C$125*$AP32 -> 0 | AW32: 0 | AX32: 0
A33: 45928 | B33: 883 | C33: {=IF(B33=0, 0, B33 - INDEX(B$4:B32, MAX(IF(B$4:B32<>0, ROW(B$4:B32)-ROW(B$4)+1))))} -> 7 | D33: 0 | E33: 0 | F33: 8 | G33: =E33+F33 -> 8 | H33: =D33+G33 -> 8 | I33: 75 | J33: 80 | K33: =J33-I33 -> 5 | L33: 0.041666667 | M33: 0.074305556 | N33: 0.75 | O33: 282 | P33: =IF(H33>0,C33/H33,0) -> 0.875 | Q33: 0.39 | R33: {=INDEX(FPLBillHistory_BilledPricePerKW_Range, MATCH(1, (A33>=FPLBillHistory_BillFromDate_Range)*(A33<=FPLBillHistory_BillToDate_Range), 0))} -> 0.13702268 | S33: =D33*Q33 -> 0 | T33: =G33*R33 -> 1.0961814 | U33: =SUM(S33:T33) -> 1.0961814 | V33: 2.79 | W33: =C33/MPG_Kia -> 0.28 | X33: =V33*W33 -> 0.7812 | Y33: =X33-U33 -> -0.31498142 | Z33: =IFERROR((X33-U33)/X33,0) -> -0.40320202 | AA33: =G33*Q33-G33*R33 -> 2.0238186 | AB33: =H33*Q33 -> 3.12 | AC33: =V33*W33 -> 0.7812 | AD33: =H33*R33 -> 1.0961814 | AE33: =X33-AB33 -> -2.3388 | AF33: =X33-AD33 -> -0.31498142 | AG33: =AB33-AD33 -> 2.0238186 | AH33: ='Gas Chemistry'!$B$11*$W33 -> 5.488 | AI33: ='Gas Chemistry'!$B$12*$W33 -> 2.24 | AJ33: 0 | AK33: ='Gas Chemistry'!$B$13*$W33 -> 0.0056 | AL33: ='Gas Chemistry'!$B$14*$W33 -> 0.0028 | AM33: ='Gas Chemistry'!$B$15*$W33 -> 0.00056 | AN33: ='Gas Chemistry'!$B$16*$W33 -> 0.00028 | AO33: ='Gas Chemistry'!$B$17*$W33 -> 0.00112 | AP33: =H33*Constants!$C$14 -> 27.296 | AQ33: ='Gas Chemistry'!$C$122*$AP33 -> 3.193632 | AR33: ='Gas Chemistry'!$C$123*$AP33 -> 3.930624 | AS33: ='Gas Chemistry'!$C$127*$AP33 -> 128.2912 | AT33: ='Gas Chemistry'!$C$124*$AP33 -> 0.002292864 | AU33: ='Gas Chemistry'!$C$126*$AP33 -> 0.0027296 | AV33: ='Gas Chemistry'!$C$125*$AP33 -> 0.00013648 | AW33: 0 | AX33: 0
A34: 45929 | B34: 966 | C34: {=IF(B34=0, 0, B34 - INDEX(B$4:B33, MAX(IF(B$4:B33<>0, ROW(B$4:B33)-ROW(B$4)+1))))} -> 83 | D34: 0 | E34: 0 | F34: 23 | G34: =E34+F34 -> 23 | H34: =D34+G34 -> 23 | I34: 50 | J34: 80 | K34: =J34-I34 -> 30 | L34: 0.041666667 | M34: 0.22291667 | N34: 4.3 | O34: 282 | P34: =IF(H34>0,C34/H34,0) -> 3.6086957 | Q34: 0.39 | R34: {=INDEX(FPLBillHistory_BilledPricePerKW_Range, MATCH(1, (A34>=FPLBillHistory_BillFromDate_Range)*(A34<=FPLBillHistory_BillToDate_Range), 0))} -> 0.13702268 | S34: =D34*Q34 -> 0 | T34: =G34*R34 -> 3.1515216 | U34: =SUM(S34:T34) -> 3.1515216 | V34: 2.79 | W34: =C34/MPG_Kia -> 3.32 | X34: =V34*W34 -> 9.2628 | Y34: =X34-U34 -> 6.1112784 | Z34: =IFERROR((X34-U34)/X34,0) -> 0.65976577 | AA34: =G34*Q34-G34*R34 -> 5.8184784 | AB34: =H34*Q34 -> 8.97 | AC34: =V34*W34 -> 9.2628 | AD34: =H34*R34 -> 3.1515216 | AE34: =X34-AB34 -> 0.2928 | AF34: =X34-AD34 -> 6.1112784 | AG34: =AB34-AD34 -> 5.8184784 | AH34: ='Gas Chemistry'!$B$11*$W34 -> 65.072 | AI34: ='Gas Chemistry'!$B$12*$W34 -> 26.56 | AJ34: 0 | AK34: ='Gas Chemistry'!$B$13*$W34 -> 0.0664 | AL34: ='Gas Chemistry'!$B$14*$W34 -> 0.0332 | AM34: ='Gas Chemistry'!$B$15*$W34 -> 0.00664 | AN34: ='Gas Chemistry'!$B$16*$W34 -> 0.00332 | AO34: ='Gas Chemistry'!$B$17*$W34 -> 0.01328 | AP34: =H34*Constants!$C$14 -> 78.476 | AQ34: ='Gas Chemistry'!$C$122*$AP34 -> 9.181692 | AR34: ='Gas Chemistry'!$C$123*$AP34 -> 11.300544 | AS34: ='Gas Chemistry'!$C$127*$AP34 -> 368.8372 | AT34: ='Gas Chemistry'!$C$124*$AP34 -> 0.006591984 | AU34: ='Gas Chemistry'!$C$126*$AP34 -> 0.0078476 | AV34: ='Gas Chemistry'!$C$125*$AP34 -> 0.00039238 | AW34: 0 | AX34: 0
A35: 45930 | B35: 0 | C35: {=IF(B35=0, 0, B35 - INDEX(B$4:B34, MAX(IF(B$4:B34<>0, ROW(B$4:B34)-ROW(B$4)+1))))} -> 0 | D35: 0 | E35: 0 | F35: 0 | G35: =E35+F35 -> 0 | H35: =D35+G35 -> 0 | I35: 0 | J35: 0 | K35: =J35-I35 -> 0 | N35: 0 | O35: 0 | P35: =IF(H35>0,C35/H35,0) -> 0 | Q35: 0 | R35: {=INDEX(FPLBillHistory_BilledPricePerKW_Range, MATCH(1, (A35>=FPLBillHistory_BillFromDate_Range)*(A35<=FPLBillHistory_BillToDate_Range), 0))} -> 0.13702268 | S35: =D35*Q35 -> 0 | T35: =G35*R35 -> 0 | U35: =SUM(S35:T35) -> 0 | V35: 0 | W35: =C35/MPG_Kia -> 0 | X35: =V35*W35 -> 0 | Y35: =X35-U35 -> 0 | Z35: =IFERROR((X35-U35)/X35,0) -> 0 | AA35: =G35*Q35-G35*R35 -> 0 | AB35: =H35*Q35 -> 0 | AC35: =V35*W35 -> 0 | AD35: =H35*R35 -> 0 | AE35: =X35-AB35 -> 0 | AF35: =X35-AD35 -> 0 | AG35: =AB35-AD35 -> 0 | AH35: ='Gas Chemistry'!$B$11*$W35 -> 0 | AI35: ='Gas Chemistry'!$B$12*$W35 -> 0 | AJ35: 0 | AK35: ='Gas Chemistry'!$B$13*$W35 -> 0 | AL35: ='Gas Chemistry'!$B$14*$W35 -> 0 | AM35: ='Gas Chemistry'!$B$15*$W35 -> 0 | AN35: ='Gas Chemistry'!$B$16*$W35 -> 0 | AO35: ='Gas Chemistry'!$B$17*$W35 -> 0 | AP35: =H35*Constants!$C$14 -> 0 | AQ35: ='Gas Chemistry'!$C$122*$AP35 -> 0 | AR35: ='Gas Chemistry'!$C$123*$AP35 -> 0 | AS35: ='Gas Chemistry'!$C$127*$AP35 -> 0 | AT35: ='Gas Chemistry'!$C$124*$AP35 -> 0 | AU35: ='Gas Chemistry'!$C$126*$AP35 -> 0 | AV35: ='Gas Chemistry'!$C$125*$AP35 -> 0 | AW35: 0 | AX35: 0
A36: 45931 | B36: 0 | C36: {=IF(B36=0, 0, B36 - INDEX(B$4:B35, MAX(IF(B$4:B35<>0, ROW(B$4:B35)-ROW(B$4)+1))))} -> 0 | D36: 0 | E36: 0 | F36: 0 | G36: =E36+F36 -> 0 | H36: =D36+G36 -> 0 | I36: 0 | J36: 0 | K36: =J36-I36 -> 0 | N36: 0 | O36: 0 | P36: =IF(H36>0,C36/H36,0) -> 0 | Q36: 0 | R36: {=INDEX(FPLBillHistory_BilledPricePerKW_Range, MATCH(1, (A36>=FPLBillHistory_BillFromDate_Range)*(A36<=FPLBillHistory_BillToDate_Range), 0))} -> 0.13702268 | S36: =D36*Q36 -> 0 | T36: =G36*R36 -> 0 | U36: =SUM(S36:T36) -> 0 | V36: 0 | W36: =C36/MPG_Kia -> 0 | X36: =V36*W36 -> 0 | Y36: =X36-U36 -> 0 | Z36: =IFERROR((X36-U36)/X36,0) -> 0 | AA36: =G36*Q36-G36*R36 -> 0 | AB36: =H36*Q36 -> 0 | AC36: =V36*W36 -> 0 | AD36: =H36*R36 -> 0 | AE36: =X36-AB36 -> 0 | AF36: =X36-AD36 -> 0 | AG36: =AB36-AD36 -> 0 | AH36: ='Gas Chemistry'!$B$11*$W36 -> 0 | AI36: ='Gas Chemistry'!$B$12*$W36 -> 0 | AJ36: 0 | AK36: ='Gas Chemistry'!$B$13*$W36 -> 0 | AL36: ='Gas Chemistry'!$B$14*$W36 -> 0 | AM36: ='Gas Chemistry'!$B$15*$W36 -> 0 | AN36: ='Gas Chemistry'!$B$16*$W36 -> 0 | AO36: ='Gas Chemistry'!$B$17*$W36 -> 0 | AP36: =H36*Constants!$C$14 -> 0 | AQ36: ='Gas Chemistry'!$C$122*$AP36 -> 0 | AR36: ='Gas Chemistry'!$C$123*$AP36 -> 0 | AS36: ='Gas Chemistry'!$C$127*$AP36 -> 0 | AT36: ='Gas Chemistry'!$C$124*$AP36 -> 0 | AU36: ='Gas Chemistry'!$C$126*$AP36 -> 0 | AV36: ='Gas Chemistry'!$C$125*$AP36 -> 0 | AW36: 0 | AX36: 0
A37: 45932 | B37: 0 | C37: {=IF(B37=0, 0, B37 - INDEX(B$4:B36, MAX(IF(B$4:B36<>0, ROW(B$4:B36)-ROW(B$4)+1))))} -> 0 | D37: 0 | E37: 0 | F37: 0 | G37: =E37+F37 -> 0 | H37: =D37+G37 -> 0 | I37: 0 | J37: 0 | K37: =J37-I37 -> 0 | N37: 0 | O37: 0 | P37: =IF(H37>0,C37/H37,0) -> 0 | Q37: 0 | R37: {=INDEX(FPLBillHistory_BilledPricePerKW_Range, MATCH(1, (A37>=FPLBillHistory_BillFromDate_Range)*(A37<=FPLBillHistory_BillToDate_Range), 0))} -> 0.13702268 | S37: =D37*Q37 -> 0 | T37: =G37*R37 -> 0 | U37: =SUM(S37:T37) -> 0 | V37: 0 | W37: =C37/MPG_Kia -> 0 | X37: =V37*W37 -> 0 | Y37: =X37-U37 -> 0 | Z37: =IFERROR((X37-U37)/X37,0) -> 0 | AA37: =G37*Q37-G37*R37 -> 0 | AB37: =H37*Q37 -> 0 | AC37: =V37*W37 -> 0 | AD37: =H37*R37 -> 0 | AE37: =X37-AB37 -> 0 | AF37: =X37-AD37 -> 0 | AG37: =AB37-AD37 -> 0 | AH37: ='Gas Chemistry'!$B$11*$W37 -> 0 | AI37: ='Gas Chemistry'!$B$12*$W37 -> 0 | AJ37: 0 | AK37: ='Gas Chemistry'!$B$13*$W37 -> 0 | AL37: ='Gas Chemistry'!$B$14*$W37 -> 0 | AM37: ='Gas Chemistry'!$B$15*$W37 -> 0 | AN37: ='Gas Chemistry'!$B$16*$W37 -> 0 | AO37: ='Gas Chemistry'!$B$17*$W37 -> 0 | AP37: =H37*Constants!$C$14 -> 0 | AQ37: ='Gas Chemistry'!$C$122*$AP37 -> 0 | AR37: ='Gas Chemistry'!$C$123*$AP37 -> 0 | AS37: ='Gas Chemistry'!$C$127*$AP37 -> 0 | AT37: ='Gas Chemistry'!$C$124*$AP37 -> 0 | AU37: ='Gas Chemistry'!$C$126*$AP37 -> 0 | AV37: ='Gas Chemistry'!$C$125*$AP37 -> 0 | AW37: 0 | AX37: 0
A38: 45933 | B38: 979 | C38: {=IF(B38=0, 0, B38 - INDEX(B$4:B37, MAX(IF(B$4:B37<>0, ROW(B$4:B37)-ROW(B$4)+1))))} -> 13 | D38: 0 | E38: 0 | F38: 6 | G38: =E38+F38 -> 6 | H38: =D38+G38 -> 6 | I38: 72 | J38: 80 | K38: =J38-I38 -> 8 | L38: 0.041666667 | M38: 0.093055556 | N38: 1.25 | O38: 280 | P38: =IF(H38>0,C38/H38,0) -> 2.1666667 | Q38: 0.39 | R38: {=INDEX(FPLBillHistory_BilledPricePerKW_Range, MATCH(1, (A38>=FPLBillHistory_BillFromDate_Range)*(A38<=FPLBillHistory_BillToDate_Range), 0))} -> 0.13702268 | S38: =D38*Q38 -> 0 | T38: =G38*R38 -> 0.82213606 | U38: =SUM(S38:T38) -> 0.82213606 | V38: 2.79 | W38: =C38/MPG_Kia -> 0.52 | X38: =V38*W38 -> 1.4508 | Y38: =X38-U38 -> 0.62866394 | Z38: =IFERROR((X38-U38)/X38,0) -> 0.43332226 | AA38: =G38*Q38-G38*R38 -> 1.5178639 | AB38: =H38*Q38 -> 2.34 | AC38: =V38*W38 -> 1.4508 | AD38: =H38*R38 -> 0.82213606 | AE38: =X38-AB38 -> -0.8892 | AF38: =X38-AD38 -> 0.62866394 | AG38: =AB38-AD38 -> 1.5178639 | AH38: ='Gas Chemistry'!$B$11*$W38 -> 10.192 | AI38: ='Gas Chemistry'!$B$12*$W38 -> 4.16 | AJ38: 0 | AK38: ='Gas Chemistry'!$B$13*$W38 -> 0.0104 | AL38: ='Gas Chemistry'!$B$14*$W38 -> 0.0052 | AM38: ='Gas Chemistry'!$B$15*$W38 -> 0.00104 | AN38: ='Gas Chemistry'!$B$16*$W38 -> 0.00052 | AO38: ='Gas Chemistry'!$B$17*$W38 -> 0.00208 | AP38: =H38*Constants!$C$14 -> 20.472 | AQ38: ='Gas Chemistry'!$C$122*$AP38 -> 2.395224 | AR38: ='Gas Chemistry'!$C$123*$AP38 -> 2.947968 | AS38: ='Gas Chemistry'!$C$127*$AP38 -> 96.2184 | AT38: ='Gas Chemistry'!$C$124*$AP38 -> 0.001719648 | AU38: ='Gas Chemistry'!$C$126*$AP38 -> 0.0020472 | AV38: ='Gas Chemistry'!$C$125*$AP38 -> 0.00010236 | AW38: 0 | AX38: 0
A39: 45934 | B39: 1014 | C39: {=IF(B39=0, 0, B39 - INDEX(B$4:B38, MAX(IF(B$4:B38<>0, ROW(B$4:B38)-ROW(B$4)+1))))} -> 35 | D39: 0 | E39: 0 | F39: 27 | G39: =E39+F39 -> 27 | H39: =D39+G39 -> 27 | I39: 64 | J39: 100 | K39: =J39-I39 -> 36 | L39: 0.041666667 | M39: 0.26944444 | N39: 5.5 | O39: 353 | P39: =IF(H39>0,C39/H39,0) -> 1.2962963 | Q39: 0.4 | R39: {=INDEX(FPLBillHistory_BilledPricePerKW_Range, MATCH(1, (A39>=FPLBillHistory_BillFromDate_Range)*(A39<=FPLBillHistory_BillToDate_Range), 0))} -> 0.13702268 | S39: =D39*Q39 -> 0 | T39: =G39*R39 -> 3.6996123 | U39: =SUM(S39:T39) -> 3.6996123 | V39: 2.79 | W39: =C39/MPG_Kia -> 1.4 | X39: =V39*W39 -> 3.906 | Y39: =X39-U39 -> 0.20638771 | Z39: =IFERROR((X39-U39)/X39,0) -> 0.052838636 | AA39: =G39*Q39-G39*R39 -> 7.1003877 | AB39: =H39*Q39 -> 10.8 | AC39: =V39*W39 -> 3.906 | AD39: =H39*R39 -> 3.6996123 | AE39: =X39-AB39 -> -6.894 | AF39: =X39-AD39 -> 0.20638771 | AG39: =AB39-AD39 -> 7.1003877 | AH39: ='Gas Chemistry'!$B$11*$W39 -> 27.44 | AI39: ='Gas Chemistry'!$B$12*$W39 -> 11.2 | AJ39: 0 | AK39: ='Gas Chemistry'!$B$13*$W39 -> 0.028 | AL39: ='Gas Chemistry'!$B$14*$W39 -> 0.014 | AM39: ='Gas Chemistry'!$B$15*$W39 -> 0.0028 | AN39: ='Gas Chemistry'!$B$16*$W39 -> 0.0014 | AO39: ='Gas Chemistry'!$B$17*$W39 -> 0.0056 | AP39: =H39*Constants!$C$14 -> 92.124 | AQ39: ='Gas Chemistry'!$C$122*$AP39 -> 10.778508 | AR39: ='Gas Chemistry'!$C$123*$AP39 -> 13.265856 | AS39: ='Gas Chemistry'!$C$127*$AP39 -> 432.9828 | AT39: ='Gas Chemistry'!$C$124*$AP39 -> 0.007738416 | AU39: ='Gas Chemistry'!$C$126*$AP39 -> 0.0092124 | AV39: ='Gas Chemistry'!$C$125*$AP39 -> 0.00046062 | AW39: 0 | AX39: 0
A40: 45935 | B40: 1264 | C40: {=IF(B40=0, 0, B40 - INDEX(B$4:B39, MAX(IF(B$4:B39<>0, ROW(B$4:B39)-ROW(B$4)+1))))} -> 250 | D40: 18 | E40: 0 | F40: 29 | G40: =E40+F40 -> 29 | H40: =D40+G40 -> 47 | I40: 43 | J40: 80 | K40: =J40-I40 -> 37 | L40: 0.041666667 | M40: 0.26736111 | N40: 5.5 | O40: 280 | P40: =IF(H40>0,C40/H40,0) -> 5.3191489 | Q40: 0.4 | R40: {=INDEX(FPLBillHistory_BilledPricePerKW_Range, MATCH(1, (A40>=FPLBillHistory_BillFromDate_Range)*(A40<=FPLBillHistory_BillToDate_Range), 0))} -> 0.13702268 | S40: =D40*Q40 -> 7.2 | T40: =G40*R40 -> 3.9736576 | U40: =SUM(S40:T40) -> 11.173658 | V40: 2.79 | W40: =C40/MPG_Kia -> 10 | X40: =V40*W40 -> 27.9 | Y40: =X40-U40 -> 16.726342 | Z40: =IFERROR((X40-U40)/X40,0) -> 0.59951048 | AA40: =G40*Q40-G40*R40 -> 7.6263424 | AB40: =H40*Q40 -> 18.8 | AC40: =V40*W40 -> 27.9 | AD40: =H40*R40 -> 6.4400658 | AE40: =X40-AB40 -> 9.1 | AF40: =X40-AD40 -> 21.459934 | AG40: =AB40-AD40 -> 12.359934 | AH40: ='Gas Chemistry'!$B$11*$W40 -> 196 | AI40: ='Gas Chemistry'!$B$12*$W40 -> 80 | AJ40: 0 | AK40: ='Gas Chemistry'!$B$13*$W40 -> 0.2 | AL40: ='Gas Chemistry'!$B$14*$W40 -> 0.1 | AM40: ='Gas Chemistry'!$B$15*$W40 -> 0.02 | AN40: ='Gas Chemistry'!$B$16*$W40 -> 0.01 | AO40: ='Gas Chemistry'!$B$17*$W40 -> 0.04 | AP40: =H40*Constants!$C$14 -> 160.364 | AQ40: ='Gas Chemistry'!$C$122*$AP40 -> 18.762588 | AR40: ='Gas Chemistry'!$C$123*$AP40 -> 23.092416 | AS40: ='Gas Chemistry'!$C$127*$AP40 -> 753.7108 | AT40: ='Gas Chemistry'!$C$124*$AP40 -> 0.013470576 | AU40: ='Gas Chemistry'!$C$126*$AP40 -> 0.0160364 | AV40: ='Gas Chemistry'!$C$125*$AP40 -> 0.00080182 | AW40: 0 | AX40: 0
A41: 45936 | B41: 1313 | C41: {=IF(B41=0, 0, B41 - INDEX(B$4:B40, MAX(IF(B$4:B40<>0, ROW(B$4:B40)-ROW(B$4)+1))))} -> 49 | D41: 0 | E41: 0 | F41: 13 | G41: =E41+F41 -> 13 | H41: =D41+G41 -> 13 | I41: 63 | J41: 80 | K41: =J41-I41 -> 17 | L41: 0.041666667 | M41: 0.14375 | N41: 2.5 | O41: 280 | P41: =IF(H41>0,C41/H41,0) -> 3.7692308 | Q41: 0.4 | R41: {=INDEX(FPLBillHistory_BilledPricePerKW_Range, MATCH(1, (A41>=FPLBillHistory_BillFromDate_Range)*(A41<=FPLBillHistory_BillToDate_Range), 0))} -> 0.13702268 | S41: =D41*Q41 -> 0 | T41: =G41*R41 -> 1.7812948 | U41: =SUM(S41:T41) -> 1.7812948 | V41: 2.7 | W41: =C41/MPG_Kia -> 1.96 | X41: =V41*W41 -> 5.292 | Y41: =X41-U41 -> 3.5107052 | Z41: =IFERROR((X41-U41)/X41,0) -> 0.66339856 | AA41: =G41*Q41-G41*R41 -> 3.4187052 | AB41: =H41*Q41 -> 5.2 | AC41: =V41*W41 -> 5.292 | AD41: =H41*R41 -> 1.7812948 | AE41: =X41-AB41 -> 0.092 | AF41: =X41-AD41 -> 3.5107052 | AG41: =AB41-AD41 -> 3.4187052 | AH41: ='Gas Chemistry'!$B$11*$W41 -> 38.416 | AI41: ='Gas Chemistry'!$B$12*$W41 -> 15.68 | AJ41: 0 | AK41: ='Gas Chemistry'!$B$13*$W41 -> 0.0392 | AL41: ='Gas Chemistry'!$B$14*$W41 -> 0.0196 | AM41: ='Gas Chemistry'!$B$15*$W41 -> 0.00392 | AN41: ='Gas Chemistry'!$B$16*$W41 -> 0.00196 | AO41: ='Gas Chemistry'!$B$17*$W41 -> 0.00784 | AP41: =H41*Constants!$C$14 -> 44.356 | AQ41: ='Gas Chemistry'!$C$122*$AP41 -> 5.189652 | AR41: ='Gas Chemistry'!$C$123*$AP41 -> 6.387264 | AS41: ='Gas Chemistry'!$C$127*$AP41 -> 208.4732 | AT41: ='Gas Chemistry'!$C$124*$AP41 -> 0.003725904 | AU41: ='Gas Chemistry'!$C$126*$AP41 -> 0.0044356 | AV41: ='Gas Chemistry'!$C$125*$AP41 -> 0.00022178 | AW41: 0 | AX41: 0
A42: 45937 | B42: 0 | C42: {=IF(B42=0, 0, B42 - INDEX(B$4:B41, MAX(IF(B$4:B41<>0, ROW(B$4:B41)-ROW(B$4)+1))))} -> 0 | D42: 0 | E42: 0 | F42: 0 | G42: =E42+F42 -> 0 | H42: =D42+G42 -> 0 | I42: 0 | J42: 0 | K42: =J42-I42 -> 0 | N42: 0 | O42: 0 | P42: =IF(H42>0,C42/H42,0) -> 0 | Q42: 0 | R42: {=INDEX(FPLBillHistory_BilledPricePerKW_Range, MATCH(1, (A42>=FPLBillHistory_BillFromDate_Range)*(A42<=FPLBillHistory_BillToDate_Range), 0))} -> 0.13702268 | S42: =D42*Q42 -> 0 | T42: =G42*R42 -> 0 | U42: =SUM(S42:T42) -> 0 | V42: 0 | W42: =C42/MPG_Kia -> 0 | X42: =V42*W42 -> 0 | Y42: =X42-U42 -> 0 | Z42: =IFERROR((X42-U42)/X42,0) -> 0 | AA42: =G42*Q42-G42*R42 -> 0 | AB42: =H42*Q42 -> 0 | AC42: =V42*W42 -> 0 | AD42: =H42*R42 -> 0 | AE42: =X42-AB42 -> 0 | AF42: =X42-AD42 -> 0 | AG42: =AB42-AD42 -> 0 | AH42: ='Gas Chemistry'!$B$11*$W42 -> 0 | AI42: ='Gas Chemistry'!$B$12*$W42 -> 0 | AJ42: 0 | AK42: ='Gas Chemistry'!$B$13*$W42 -> 0 | AL42: ='Gas Chemistry'!$B$14*$W42 -> 0 | AM42: ='Gas Chemistry'!$B$15*$W42 -> 0 | AN42: ='Gas Chemistry'!$B$16*$W42 -> 0 | AO42: ='Gas Chemistry'!$B$17*$W42 -> 0 | AP42: =H42*Constants!$C$14 -> 0 | AQ42: ='Gas Chemistry'!$C$122*$AP42 -> 0 | AR42: ='Gas Chemistry'!$C$123*$AP42 -> 0 | AS42: ='Gas Chemistry'!$C$127*$AP42 -> 0 | AT42: ='Gas Chemistry'!$C$124*$AP42 -> 0 | AU42: ='Gas Chemistry'!$C$126*$AP42 -> 0 | AV42: ='Gas Chemistry'!$C$125*$AP42 -> 0 | AW42: 0 | AX42: 0
A43: 45938 | B43: 1362 | C43: {=IF(B43=0, 0, B43 - INDEX(B$4:B42, MAX(IF(B$4:B42<>0, ROW(B$4:B42)-ROW(B$4)+1))))} -> 49 | D43: 0 | E43: 0 | F43: 14 | G43: =E43+F43 -> 14 | H43: =D43+G43 -> 14 | I43: 62 | J43: 80 | K43: =J43-I43 -> 18 | L43: 0.041666667 | M43: 0.16666667 | N43: 3 | O43: 280 | P43: =IF(H43>0,C43/H43,0) -> 3.5 | Q43: 0.4 | R43: {=INDEX(FPLBillHistory_BilledPricePerKW_Range, MATCH(1, (A43>=FPLBillHistory_BillFromDate_Range)*(A43<=FPLBillHistory_BillToDate_Range), 0))} -> 0.13702268 | S43: =D43*Q43 -> 0 | T43: =G43*R43 -> 1.9183175 | U43: =SUM(S43:T43) -> 1.9183175 | V43: 2.7 | W43: =C43/MPG_Kia -> 1.96 | X43: =V43*W43 -> 5.292 | Y43: =X43-U43 -> 3.3736825 | Z43: =IFERROR((X43-U43)/X43,0) -> 0.63750614 | AA43: =G43*Q43-G43*R43 -> 3.6816825 | AB43: =H43*Q43 -> 5.6 | AC43: =V43*W43 -> 5.292 | AD43: =H43*R43 -> 1.9183175 | AE43: =X43-AB43 -> -0.308 | AF43: =X43-AD43 -> 3.3736825 | AG43: =AB43-AD43 -> 3.6816825 | AH43: ='Gas Chemistry'!$B$11*$W43 -> 38.416 | AI43: ='Gas Chemistry'!$B$12*$W43 -> 15.68 | AJ43: 0 | AK43: ='Gas Chemistry'!$B$13*$W43 -> 0.0392 | AL43: ='Gas Chemistry'!$B$14*$W43 -> 0.0196 | AM43: ='Gas Chemistry'!$B$15*$W43 -> 0.00392 | AN43: ='Gas Chemistry'!$B$16*$W43 -> 0.00196 | AO43: ='Gas Chemistry'!$B$17*$W43 -> 0.00784 | AP43: =H43*Constants!$C$14 -> 47.768 | AQ43: ='Gas Chemistry'!$C$122*$AP43 -> 5.588856 | AR43: ='Gas Chemistry'!$C$123*$AP43 -> 6.878592 | AS43: ='Gas Chemistry'!$C$127*$AP43 -> 224.5096 | AT43: ='Gas Chemistry'!$C$124*$AP43 -> 0.004012512 | AU43: ='Gas Chemistry'!$C$126*$AP43 -> 0.0047768 | AV43: ='Gas Chemistry'!$C$125*$AP43 -> 0.00023884 | AW43: 0 | AX43: 0
A44: 45939 | B44: 1431 | C44: {=IF(B44=0, 0, B44 - INDEX(B$4:B43, MAX(IF(B$4:B43<>0, ROW(B$4:B43)-ROW(B$4)+1))))} -> 69 | D44: 0 | E44: 0 | F44: 19 | G44: =E44+F44 -> 19 | H44: =D44+G44 -> 19 | I44: 56 | J44: 80 | K44: =J44-I44 -> 24 | L44: 0.041666667 | M44: 0.18402778 | N44: 3.5 | O44: 280 | P44: =IF(H44>0,C44/H44,0) -> 3.6315789 | Q44: 0.4 | R44: {=INDEX(FPLBillHistory_BilledPricePerKW_Range, MATCH(1, (A44>=FPLBillHistory_BillFromDate_Range)*(A44<=FPLBillHistory_BillToDate_Range), 0))} -> 0.13702268 | S44: =D44*Q44 -> 0 | T44: =G44*R44 -> 2.6034309 | U44: =SUM(S44:T44) -> 2.6034309 | V44: 2.7 | W44: =C44/MPG_Kia -> 2.76 | X44: =V44*W44 -> 7.452 | Y44: =X44-U44 -> 4.8485691 | Z44: =IFERROR((X44-U44)/X44,0) -> 0.65063998 | AA44: =G44*Q44-G44*R44 -> 4.9965691 | AB44: =H44*Q44 -> 7.6 | AC44: =V44*W44 -> 7.452 | AD44: =H44*R44 -> 2.6034309 | AE44: =X44-AB44 -> -0.148 | AF44: =X44-AD44 -> 4.8485691 | AG44: =AB44-AD44 -> 4.9965691 | AH44: ='Gas Chemistry'!$B$11*$W44 -> 54.096 | AI44: ='Gas Chemistry'!$B$12*$W44 -> 22.08 | AJ44: 0 | AK44: ='Gas Chemistry'!$B$13*$W44 -> 0.0552 | AL44: ='Gas Chemistry'!$B$14*$W44 -> 0.0276 | AM44: ='Gas Chemistry'!$B$15*$W44 -> 0.00552 | AN44: ='Gas Chemistry'!$B$16*$W44 -> 0.00276 | AO44: ='Gas Chemistry'!$B$17*$W44 -> 0.01104 | AP44: =H44*Constants!$C$14 -> 64.828 | AQ44: ='Gas Chemistry'!$C$122*$AP44 -> 7.584876 | AR44: ='Gas Chemistry'!$C$123*$AP44 -> 9.335232 | AS44: ='Gas Chemistry'!$C$127*$AP44 -> 304.6916 | AT44: ='Gas Chemistry'!$C$124*$AP44 -> 0.005445552 | AU44: ='Gas Chemistry'!$C$126*$AP44 -> 0.0064828 | AV44: ='Gas Chemistry'!$C$125*$AP44 -> 0.00032414 | AW44: 0 | AX44: 0
A45: 45940 | B45: 1499 | C45: {=IF(B45=0, 0, B45 - INDEX(B$4:B44, MAX(IF(B$4:B44<>0, ROW(B$4:B44)-ROW(B$4)+1))))} -> 68 | D45: 0 | E45: 0 | F45: 18 | G45: =E45+F45 -> 18 | H45: =D45+G45 -> 18 | I45: 57 | J45: 80 | K45: =J45-I45 -> 23 | L45: 0.041666667 | M45: 0.18402778 | N45: 3.5 | O45: 280 | P45: =IF(H45>0,C45/H45,0) -> 3.7777778 | Q45: 0.4 | R45: {=INDEX(FPLBillHistory_BilledPricePerKW_Range, MATCH(1, (A45>=FPLBillHistory_BillFromDate_Range)*(A45<=FPLBillHistory_BillToDate_Range), 0))} -> 0.13702268 | S45: =D45*Q45 -> 0 | T45: =G45*R45 -> 2.4664082 | U45: =SUM(S45:T45) -> 2.4664082 | V45: 2.7 | W45: =C45/MPG_Kia -> 2.72 | X45: =V45*W45 -> 7.344 | Y45: =X45-U45 -> 4.8775918 | Z45: =IFERROR((X45-U45)/X45,0) -> 0.6641601 | AA45: =G45*Q45-G45*R45 -> 4.7335918 | AB45: =H45*Q45 -> 7.2 | AC45: =V45*W45 -> 7.344 | AD45: =H45*R45 -> 2.4664082 | AE45: =X45-AB45 -> 0.144 | AF45: =X45-AD45 -> 4.8775918 | AG45: =AB45-AD45 -> 4.7335918 | AH45: ='Gas Chemistry'!$B$11*$W45 -> 53.312 | AI45: ='Gas Chemistry'!$B$12*$W45 -> 21.76 | AJ45: 0 | AK45: ='Gas Chemistry'!$B$13*$W45 -> 0.0544 | AL45: ='Gas Chemistry'!$B$14*$W45 -> 0.0272 | AM45: ='Gas Chemistry'!$B$15*$W45 -> 0.00544 | AN45: ='Gas Chemistry'!$B$16*$W45 -> 0.00272 | AO45: ='Gas Chemistry'!$B$17*$W45 -> 0.01088 | AP45: =H45*Constants!$C$14 -> 61.416 | AQ45: ='Gas Chemistry'!$C$122*$AP45 -> 7.185672 | AR45: ='Gas Chemistry'!$C$123*$AP45 -> 8.843904 | AS45: ='Gas Chemistry'!$C$127*$AP45 -> 288.6552 | AT45: ='Gas Chemistry'!$C$124*$AP45 -> 0.005158944 | AU45: ='Gas Chemistry'!$C$126*$AP45 -> 0.0061416 | AV45: ='Gas Chemistry'!$C$125*$AP45 -> 0.00030708 | AW45: 0 | AX45: 0
A46: 45941 | B46: 0 | C46: {=IF(B46=0, 0, B46 - INDEX(B$4:B45, MAX(IF(B$4:B45<>0, ROW(B$4:B45)-ROW(B$4)+1))))} -> 0 | D46: 0 | E46: 0 | F46: 0 | G46: =E46+F46 -> 0 | H46: =D46+G46 -> 0 | I46: 0 | J46: 0 | K46: =J46-I46 -> 0 | L46: 0 | M46: 0 | N46: 0 | O46: 0 | P46: =IF(H46>0,C46/H46,0) -> 0 | Q46: 0 | R46: {=INDEX(FPLBillHistory_BilledPricePerKW_Range, MATCH(1, (A46>=FPLBillHistory_BillFromDate_Range)*(A46<=FPLBillHistory_BillToDate_Range), 0))} -> 0.13702268 | S46: =D46*Q46 -> 0 | T46: =G46*R46 -> 0 | U46: =SUM(S46:T46) -> 0 | V46: 0 | W46: =C46/MPG_Kia -> 0 | X46: =V46*W46 -> 0 | Y46: =X46-U46 -> 0 | Z46: =IFERROR((X46-U46)/X46,0) -> 0 | AA46: =G46*Q46-G46*R46 -> 0 | AB46: =H46*Q46 -> 0 | AC46: =V46*W46 -> 0 | AD46: =H46*R46 -> 0 | AE46: =X46-AB46 -> 0 | AF46: =X46-AD46 -> 0 | AG46: =AB46-AD46 -> 0 | AH46: ='Gas Chemistry'!$B$11*$W46 -> 0 | AI46: ='Gas Chemistry'!$B$12*$W46 -> 0 | AJ46: 0 | AK46: ='Gas Chemistry'!$B$13*$W46 -> 0 | AL46: ='Gas Chemistry'!$B$14*$W46 -> 0 | AM46: ='Gas Chemistry'!$B$15*$W46 -> 0 | AN46: ='Gas Chemistry'!$B$16*$W46 -> 0 | AO46: ='Gas Chemistry'!$B$17*$W46 -> 0 | AP46: =H46*Constants!$C$14 -> 0 | AQ46: ='Gas Chemistry'!$C$122*$AP46 -> 0 | AR46: ='Gas Chemistry'!$C$123*$AP46 -> 0 | AS46: ='Gas Chemistry'!$C$127*$AP46 -> 0 | AT46: ='Gas Chemistry'!$C$124*$AP46 -> 0 | AU46: ='Gas Chemistry'!$C$126*$AP46 -> 0 | AV46: ='Gas Chemistry'!$C$125*$AP46 -> 0 | AW46: 0 | AX46: 0
A47: 45942 | B47: 0 | C47: {=IF(B47=0, 0, B47 - INDEX(B$4:B46, MAX(IF(B$4:B46<>0, ROW(B$4:B46)-ROW(B$4)+1))))} -> 0 | D47: 0 | E47: 0 | F47: 0 | G47: =E47+F47 -> 0 | H47: =D47+G47 -> 0 | I47: 0 | J47: 0 | K47: =J47-I47 -> 0 | N47: 0 | O47: 0 | P47: =IF(H47>0,C47/H47,0) -> 0 | Q47: 0 | R47: {=INDEX(FPLBillHistory_BilledPricePerKW_Range, MATCH(1, (A47>=FPLBillHistory_BillFromDate_Range)*(A47<=FPLBillHistory_BillToDate_Range), 0))} -> 0.13702268 | S47: =D47*Q47 -> 0 | T47: =G47*R47 -> 0 | U47: =SUM(S47:T47) -> 0 | V47: 0 | W47: =C47/MPG_Kia -> 0 | X47: =V47*W47 -> 0 | Y47: =X47-U47 -> 0 | Z47: =IFERROR((X47-U47)/X47,0) -> 0 | AA47: =G47*Q47-G47*R47 -> 0 | AB47: =H47*Q47 -> 0 | AC47: =V47*W47 -> 0 | AD47: =H47*R47 -> 0 | AE47: =X47-AB47 -> 0 | AF47: =X47-AD47 -> 0 | AG47: =AB47-AD47 -> 0 | AH47: ='Gas Chemistry'!$B$11*$W47 -> 0 | AI47: ='Gas Chemistry'!$B$12*$W47 -> 0 | AJ47: 0 | AK47: ='Gas Chemistry'!$B$13*$W47 -> 0 | AL47: ='Gas Chemistry'!$B$14*$W47 -> 0 | AM47: ='Gas Chemistry'!$B$15*$W47 -> 0 | AN47: ='Gas Chemistry'!$B$16*$W47 -> 0 | AO47: ='Gas Chemistry'!$B$17*$W47 -> 0 | AP47: =H47*Constants!$C$14 -> 0 | AQ47: ='Gas Chemistry'!$C$122*$AP47 -> 0 | AR47: ='Gas Chemistry'!$C$123*$AP47 -> 0 | AS47: ='Gas Chemistry'!$C$127*$AP47 -> 0 | AT47: ='Gas Chemistry'!$C$124*$AP47 -> 0 | AU47: ='Gas Chemistry'!$C$126*$AP47 -> 0 | AV47: ='Gas Chemistry'!$C$125*$AP47 -> 0 | AW47: 0 | AX47: 0
A48: 45943 | B48: 0 | C48: {=IF(B48=0, 0, B48 - INDEX(B$4:B47, MAX(IF(B$4:B47<>0, ROW(B$4:B47)-ROW(B$4)+1))))} -> 0 | D48: 0 | E48: 0 | F48: 0 | G48: =E48+F48 -> 0 | H48: =D48+G48 -> 0 | I48: 0 | J48: 0 | K48: =J48-I48 -> 0 | N48: 0 | O48: 0 | P48: =IF(H48>0,C48/H48,0) -> 0 | Q48: 0 | R48: {=INDEX(FPLBillHistory_BilledPricePerKW_Range, MATCH(1, (A48>=FPLBillHistory_BillFromDate_Range)*(A48<=FPLBillHistory_BillToDate_Range), 0))} -> 0.13702268 | S48: =D48*Q48 -> 0 | T48: =G48*R48 -> 0 | U48: =SUM(S48:T48) -> 0 | V48: 0 | W48: =C48/MPG_Kia -> 0 | X48: =V48*W48 -> 0 | Y48: =X48-U48 -> 0 | Z48: =IFERROR((X48-U48)/X48,0) -> 0 | AA48: =G48*Q48-G48*R48 -> 0 | AB48: =H48*Q48 -> 0 | AC48: =V48*W48 -> 0 | AD48: =H48*R48 -> 0 | AE48: =X48-AB48 -> 0 | AF48: =X48-AD48 -> 0 | AG48: =AB48-AD48 -> 0 | AH48: ='Gas Chemistry'!$B$11*$W48 -> 0 | AI48: ='Gas Chemistry'!$B$12*$W48 -> 0 | AJ48: 0 | AK48: ='Gas Chemistry'!$B$13*$W48 -> 0 | AL48: ='Gas Chemistry'!$B$14*$W48 -> 0 | AM48: ='Gas Chemistry'!$B$15*$W48 -> 0 | AN48: ='Gas Chemistry'!$B$16*$W48 -> 0 | AO48: ='Gas Chemistry'!$B$17*$W48 -> 0 | AP48: =H48*Constants!$C$14 -> 0 | AQ48: ='Gas Chemistry'!$C$122*$AP48 -> 0 | AR48: ='Gas Chemistry'!$C$123*$AP48 -> 0 | AS48: ='Gas Chemistry'!$C$127*$AP48 -> 0 | AT48: ='Gas Chemistry'!$C$124*$AP48 -> 0 | AU48: ='Gas Chemistry'!$C$126*$AP48 -> 0 | AV48: ='Gas Chemistry'!$C$125*$AP48 -> 0 | AW48: 0 | AX48: 0
A49: 45944 | B49: 1537 | C49: {=IF(B49=0, 0, B49 - INDEX(B$4:B48, MAX(IF(B$4:B48<>0, ROW(B$4:B48)-ROW(B$4)+1))))} -> 38 | D49: 0 | E49: 0 | F49: 11 | G49: =E49+F49 -> 11 | H49: =D49+G49 -> 11 | I49: 66 | J49: 80 | K49: =J49-I49 -> 14 | L49: 0.041666667 | M49: 0.12777778 | N49: 2 | O49: 280 | P49: =IF(H49>0,C49/H49,0) -> 3.4545455 | Q49: 0.4 | R49: {=INDEX(FPLBillHistory_BilledPricePerKW_Range, MATCH(1, (A49>=FPLBillHistory_BillFromDate_Range)*(A49<=FPLBillHistory_BillToDate_Range), 0))} -> 0.13702268 | S49: =D49*Q49 -> 0 | T49: =G49*R49 -> 1.5072495 | U49: =SUM(S49:T49) -> 1.5072495 | V49: 2.7 | W49: =C49/MPG_Kia -> 1.52 | X49: =V49*W49 -> 4.104 | Y49: =X49-U49 -> 2.5967505 | Z49: =IFERROR((X49-U49)/X49,0) -> 0.63273649 | AA49: =G49*Q49-G49*R49 -> 2.8927505 | AB49: =H49*Q49 -> 4.4 | AC49: =V49*W49 -> 4.104 | AD49: =H49*R49 -> 1.5072495 | AE49: =X49-AB49 -> -0.296 | AF49: =X49-AD49 -> 2.5967505 | AG49: =AB49-AD49 -> 2.8927505 | AH49: ='Gas Chemistry'!$B$11*$W49 -> 29.792 | AI49: ='Gas Chemistry'!$B$12*$W49 -> 12.16 | AJ49: 0 | AK49: ='Gas Chemistry'!$B$13*$W49 -> 0.0304 | AL49: ='Gas Chemistry'!$B$14*$W49 -> 0.0152 | AM49: ='Gas Chemistry'!$B$15*$W49 -> 0.00304 | AN49: ='Gas Chemistry'!$B$16*$W49 -> 0.00152 | AO49: ='Gas Chemistry'!$B$17*$W49 -> 0.00608 | AP49: =H49*Constants!$C$14 -> 37.532 | AQ49: ='Gas Chemistry'!$C$122*$AP49 -> 4.391244 | AR49: ='Gas Chemistry'!$C$123*$AP49 -> 5.404608 | AS49: ='Gas Chemistry'!$C$127*$AP49 -> 176.4004 | AT49: ='Gas Chemistry'!$C$124*$AP49 -> 0.003152688 | AU49: ='Gas Chemistry'!$C$126*$AP49 -> 0.0037532 | AV49: ='Gas Chemistry'!$C$125*$AP49 -> 0.00018766 | AW49: 0 | AX49: 0
A50: 45945 | B50: 0 | C50: {=IF(B50=0, 0, B50 - INDEX(B$4:B49, MAX(IF(B$4:B49<>0, ROW(B$4:B49)-ROW(B$4)+1))))} -> 0 | D50: 0 | E50: 0 | F50: 0 | G50: =E50+F50 -> 0 | H50: =D50+G50 -> 0 | I50: 0 | J50: 0 | K50: =J50-I50 -> 0 | N50: 0 | O50: 0 | P50: =IF(H50>0,C50/H50,0) -> 0 | Q50: 0 | R50: {=INDEX(FPLBillHistory_BilledPricePerKW_Range, MATCH(1, (A50>=FPLBillHistory_BillFromDate_Range)*(A50<=FPLBillHistory_BillToDate_Range), 0))} -> 0.13702268 | S50: =D50*Q50 -> 0 | T50: =G50*R50 -> 0 | U50: =SUM(S50:T50) -> 0 | V50: 0 | W50: =C50/MPG_Kia -> 0 | X50: =V50*W50 -> 0 | Y50: =X50-U50 -> 0 | Z50: =IFERROR((X50-U50)/X50,0) -> 0 | AA50: =G50*Q50-G50*R50 -> 0 | AB50: =H50*Q50 -> 0 | AC50: =V50*W50 -> 0 | AD50: =H50*R50 -> 0 | AE50: =X50-AB50 -> 0 | AF50: =X50-AD50 -> 0 | AG50: =AB50-AD50 -> 0 | AH50: ='Gas Chemistry'!$B$11*$W50 -> 0 | AI50: ='Gas Chemistry'!$B$12*$W50 -> 0 | AJ50: 0 | AK50: ='Gas Chemistry'!$B$13*$W50 -> 0 | AL50: ='Gas Chemistry'!$B$14*$W50 -> 0 | AM50: ='Gas Chemistry'!$B$15*$W50 -> 0 | AN50: ='Gas Chemistry'!$B$16*$W50 -> 0 | AO50: ='Gas Chemistry'!$B$17*$W50 -> 0 | AP50: =H50*Constants!$C$14 -> 0 | AQ50: ='Gas Chemistry'!$C$122*$AP50 -> 0 | AR50: ='Gas Chemistry'!$C$123*$AP50 -> 0 | AS50: ='Gas Chemistry'!$C$127*$AP50 -> 0 | AT50: ='Gas Chemistry'!$C$124*$AP50 -> 0 | AU50: ='Gas Chemistry'!$C$126*$AP50 -> 0 | AV50: ='Gas Chemistry'!$C$125*$AP50 -> 0 | AW50: 0 | AX50: 0
A51: 45946 | B51: 0 | C51: {=IF(B51=0, 0, B51 - INDEX(B$4:B50, MAX(IF(B$4:B50<>0, ROW(B$4:B50)-ROW(B$4)+1))))} -> 0 | D51: 0 | E51: 0 | F51: 0 | G51: =E51+F51 -> 0 | H51: =D51+G51 -> 0 | I51: 0 | J51: 0 | K51: =J51-I51 -> 0 | N51: 0 | O51: 0 | P51: =IF(H51>0,C51/H51,0) -> 0 | Q51: 0 | R51: {=INDEX(FPLBillHistory_BilledPricePerKW_Range, MATCH(1, (A51>=FPLBillHistory_BillFromDate_Range)*(A51<=FPLBillHistory_BillToDate_Range), 0))} -> 0.13702268 | S51: =D51*Q51 -> 0 | T51: =G51*R51 -> 0 | U51: =SUM(S51:T51) -> 0 | V51: 0 | W51: =C51/MPG_Kia -> 0 | X51: =V51*W51 -> 0 | Y51: =X51-U51 -> 0 | Z51: =IFERROR((X51-U51)/X51,0) -> 0 | AA51: =G51*Q51-G51*R51 -> 0 | AB51: =H51*Q51 -> 0 | AC51: =V51*W51 -> 0 | AD51: =H51*R51 -> 0 | AE51: =X51-AB51 -> 0 | AF51: =X51-AD51 -> 0 | AG51: =AB51-AD51 -> 0 | AH51: ='Gas Chemistry'!$B$11*$W51 -> 0 | AI51: ='Gas Chemistry'!$B$12*$W51 -> 0 | AJ51: 0 | AK51: ='Gas Chemistry'!$B$13*$W51 -> 0 | AL51: ='Gas Chemistry'!$B$14*$W51 -> 0 | AM51: ='Gas Chemistry'!$B$15*$W51 -> 0 | AN51: ='Gas Chemistry'!$B$16*$W51 -> 0 | AO51: ='Gas Chemistry'!$B$17*$W51 -> 0 | AP51: =H51*Constants!$C$14 -> 0 | AQ51: ='Gas Chemistry'!$C$122*$AP51 -> 0 | AR51: ='Gas Chemistry'!$C$123*$AP51 -> 0 | AS51: ='Gas Chemistry'!$C$127*$AP51 -> 0 | AT51: ='Gas Chemistry'!$C$124*$AP51 -> 0 | AU51: ='Gas Chemistry'!$C$126*$AP51 -> 0 | AV51: ='Gas Chemistry'!$C$125*$AP51 -> 0 | AW51: 0 | AX51: 0
A52: 45947 | B52: 1637 | C52: {=IF(B52=0, 0, B52 - INDEX(B$4:B51, MAX(IF(B$4:B51<>0, ROW(B$4:B51)-ROW(B$4)+1))))} -> 100 | D52: 0 | E52: 0 | F52: 23 | G52: =E52+F52 -> 23 | H52: =D52+G52 -> 23 | I52: 50 | J52: 80 | K52: =J52-I52 -> 30 | L52: 0.041666667 | M52: 0.22222222 | N52: 4.25 | O52: 279 | P52: =IF(H52>0,C52/H52,0) -> 4.3478261 | Q52: 0.4 | R52: {=INDEX(FPLBillHistory_BilledPricePerKW_Range, MATCH(1, (A52>=FPLBillHistory_BillFromDate_Range)*(A52<=FPLBillHistory_BillToDate_Range), 0))} -> 0.13702268 | S52: =D52*Q52 -> 0 | T52: =G52*R52 -> 3.1515216 | U52: =SUM(S52:T52) -> 3.1515216 | V52: 2.7 | W52: =C52/MPG_Kia -> 4 | X52: =V52*W52 -> 10.8 | Y52: =X52-U52 -> 7.6484784 | Z52: =IFERROR((X52-U52)/X52,0) -> 0.70819245 | AA52: =G52*Q52-G52*R52 -> 6.0484784 | AB52: =H52*Q52 -> 9.2 | AC52: =V52*W52 -> 10.8 | AD52: =H52*R52 -> 3.1515216 | AE52: =X52-AB52 -> 1.6 | AF52: =X52-AD52 -> 7.6484784 | AG52: =AB52-AD52 -> 6.0484784 | AH52: ='Gas Chemistry'!$B$11*$W52 -> 78.4 | AI52: ='Gas Chemistry'!$B$12*$W52 -> 32 | AJ52: 0 | AK52: ='Gas Chemistry'!$B$13*$W52 -> 0.08 | AL52: ='Gas Chemistry'!$B$14*$W52 -> 0.04 | AM52: ='Gas Chemistry'!$B$15*$W52 -> 0.008 | AN52: ='Gas Chemistry'!$B$16*$W52 -> 0.004 | AO52: ='Gas Chemistry'!$B$17*$W52 -> 0.016 | AP52: =H52*Constants!$C$14 -> 78.476 | AQ52: ='Gas Chemistry'!$C$122*$AP52 -> 9.181692 | AR52: ='Gas Chemistry'!$C$123*$AP52 -> 11.300544 | AS52: ='Gas Chemistry'!$C$127*$AP52 -> 368.8372 | AT52: ='Gas Chemistry'!$C$124*$AP52 -> 0.006591984 | AU52: ='Gas Chemistry'!$C$126*$AP52 -> 0.0078476 | AV52: ='Gas Chemistry'!$C$125*$AP52 -> 0.00039238 | AW52: 0 | AX52: 0
A53: 45948 | B53: 1655 | C53: {=IF(B53=0, 0, B53 - INDEX(B$4:B52, MAX(IF(B$4:B52<>0, ROW(B$4:B52)-ROW(B$4)+1))))} -> 18 | D53: 0 | E53: 0 | F53: 7 | G53: =E53+F53 -> 7 | H53: =D53+G53 -> 7 | I53: 71 | J53: 80 | K53: =J53-I53 -> 9 | L53: 0.041666667 | M53: 0.094444444 | N53: 1.25 | O53: 279 | P53: =IF(H53>0,C53/H53,0) -> 2.5714286 | Q53: 0.4 | R53: {=INDEX(FPLBillHistory_BilledPricePerKW_Range, MATCH(1, (A53>=FPLBillHistory_BillFromDate_Range)*(A53<=FPLBillHistory_BillToDate_Range), 0))} -> 0.13702268 | S53: =D53*Q53 -> 0 | T53: =G53*R53 -> 0.95915874 | U53: =SUM(S53:T53) -> 0.95915874 | V53: 2.7 | W53: =C53/MPG_Kia -> 0.72 | X53: =V53*W53 -> 1.944 | Y53: =X53-U53 -> 0.98484126 | Z53: =IFERROR((X53-U53)/X53,0) -> 0.50660559 | AA53: =G53*Q53-G53*R53 -> 1.8408413 | AB53: =H53*Q53 -> 2.8 | AC53: =V53*W53 -> 1.944 | AD53: =H53*R53 -> 0.95915874 | AE53: =X53-AB53 -> -0.856 | AF53: =X53-AD53 -> 0.98484126 | AG53: =AB53-AD53 -> 1.8408413 | AH53: ='Gas Chemistry'!$B$11*$W53 -> 14.112 | AI53: ='Gas Chemistry'!$B$12*$W53 -> 5.76 | AJ53: 0 | AK53: ='Gas Chemistry'!$B$13*$W53 -> 0.0144 | AL53: ='Gas Chemistry'!$B$14*$W53 -> 0.0072 | AM53: ='Gas Chemistry'!$B$15*$W53 -> 0.00144 | AN53: ='Gas Chemistry'!$B$16*$W53 -> 0.00072 | AO53: ='Gas Chemistry'!$B$17*$W53 -> 0.00288 | AP53: =H53*Constants!$C$14 -> 23.884 | AQ53: ='Gas Chemistry'!$C$122*$AP53 -> 2.794428 | AR53: ='Gas Chemistry'!$C$123*$AP53 -> 3.439296 | AS53: ='Gas Chemistry'!$C$127*$AP53 -> 112.2548 | AT53: ='Gas Chemistry'!$C$124*$AP53 -> 0.002006256 | AU53: ='Gas Chemistry'!$C$126*$AP53 -> 0.0023884 | AV53: ='Gas Chemistry'!$C$125*$AP53 -> 0.00011942 | AW53: 0 | AX53: 0
A54: 45949 | B54: 1711 | C54: {=IF(B54=0, 0, B54 - INDEX(B$4:B53, MAX(IF(B$4:B53<>0, ROW(B$4:B53)-ROW(B$4)+1))))} -> 56 | D54: 0 | E54: 0 | F54: 15 | G54: =E54+F54 -> 15 | H54: =D54+G54 -> 15 | I54: 61 | J54: 80 | K54: =J54-I54 -> 19 | L54: 0.041666667 | M54: 0.15833333 | N54: 2.75 | O54: 279 | P54: =IF(H54>0,C54/H54,0) -> 3.7333333 | Q54: 0.4 | R54: {=INDEX(FPLBillHistory_BilledPricePerKW_Range, MATCH(1, (A54>=FPLBillHistory_BillFromDate_Range)*(A54<=FPLBillHistory_BillToDate_Range), 0))} -> 0.13702268 | S54: =D54*Q54 -> 0 | T54: =G54*R54 -> 2.0553402 | U54: =SUM(S54:T54) -> 2.0553402 | V54: 2.7 | W54: =C54/MPG_Kia -> 2.24 | X54: =V54*W54 -> 6.048 | Y54: =X54-U54 -> 3.9926598 | Z54: =IFERROR((X54-U54)/X54,0) -> 0.66016201 | AA54: =G54*Q54-G54*R54 -> 3.9446598 | AB54: =H54*Q54 -> 6 | AC54: =V54*W54 -> 6.048 | AD54: =H54*R54 -> 2.0553402 | AE54: =X54-AB54 -> 0.048 | AF54: =X54-AD54 -> 3.9926598 | AG54: =AB54-AD54 -> 3.9446598 | AH54: ='Gas Chemistry'!$B$11*$W54 -> 43.904 | AI54: ='Gas Chemistry'!$B$12*$W54 -> 17.92 | AJ54: 0 | AK54: ='Gas Chemistry'!$B$13*$W54 -> 0.0448 | AL54: ='Gas Chemistry'!$B$14*$W54 -> 0.0224 | AM54: ='Gas Chemistry'!$B$15*$W54 -> 0.00448 | AN54: ='Gas Chemistry'!$B$16*$W54 -> 0.00224 | AO54: ='Gas Chemistry'!$B$17*$W54 -> 0.00896 | AP54: =H54*Constants!$C$14 -> 51.18 | AQ54: ='Gas Chemistry'!$C$122*$AP54 -> 5.98806 | AR54: ='Gas Chemistry'!$C$123*$AP54 -> 7.36992 | AS54: ='Gas Chemistry'!$C$127*$AP54 -> 240.546 | AT54: ='Gas Chemistry'!$C$124*$AP54 -> 0.00429912 | AU54: ='Gas Chemistry'!$C$126*$AP54 -> 0.005118 | AV54: ='Gas Chemistry'!$C$125*$AP54 -> 0.0002559 | AW54: 0 | AX54: 0
A55: 45950 | B55: 0 | C55: {=IF(B55=0, 0, B55 - INDEX(B$4:B54, MAX(IF(B$4:B54<>0, ROW(B$4:B54)-ROW(B$4)+1))))} -> 0 | D55: 0 | E55: 0 | F55: 0 | G55: =E55+F55 -> 0 | H55: =D55+G55 -> 0 | I55: 0 | J55: 0 | K55: =J55-I55 -> 0 | N55: 0 | O55: 0 | P55: =IF(H55>0,C55/H55,0) -> 0 | Q55: 0 | R55: {=INDEX(FPLBillHistory_BilledPricePerKW_Range, MATCH(1, (A55>=FPLBillHistory_BillFromDate_Range)*(A55<=FPLBillHistory_BillToDate_Range), 0))} -> 0.13702268 | S55: =D55*Q55 -> 0 | T55: =G55*R55 -> 0 | U55: =SUM(S55:T55) -> 0 | V55: 0 | W55: =C55/MPG_Kia -> 0 | X55: =V55*W55 -> 0 | Y55: =X55-U55 -> 0 | Z55: =IFERROR((X55-U55)/X55,0) -> 0 | AA55: =G55*Q55-G55*R55 -> 0 | AB55: =H55*Q55 -> 0 | AC55: =V55*W55 -> 0 | AD55: =H55*R55 -> 0 | AE55: =X55-AB55 -> 0 | AF55: =X55-AD55 -> 0 | AG55: =AB55-AD55 -> 0 | AH55: ='Gas Chemistry'!$B$11*$W55 -> 0 | AI55: ='Gas Chemistry'!$B$12*$W55 -> 0 | AJ55: 0 | AK55: ='Gas Chemistry'!$B$13*$W55 -> 0 | AL55: ='Gas Chemistry'!$B$14*$W55 -> 0 | AM55: ='Gas Chemistry'!$B$15*$W55 -> 0 | AN55: ='Gas Chemistry'!$B$16*$W55 -> 0 | AO55: ='Gas Chemistry'!$B$17*$W55 -> 0 | AP55: =H55*Constants!$C$14 -> 0 | AQ55: ='Gas Chemistry'!$C$122*$AP55 -> 0 | AR55: ='Gas Chemistry'!$C$123*$AP55 -> 0 | AS55: ='Gas Chemistry'!$C$127*$AP55 -> 0 | AT55: ='Gas Chemistry'!$C$124*$AP55 -> 0 | AU55: ='Gas Chemistry'!$C$126*$AP55 -> 0 | AV55: ='Gas Chemistry'!$C$125*$AP55 -> 0 | AW55: 0 | AX55: 0
A56: 45951 | B56: 1751 | C56: {=IF(B56=0, 0, B56 - INDEX(B$4:B55, MAX(IF(B$4:B55<>0, ROW(B$4:B55)-ROW(B$4)+1))))} -> 40 | D56: 0 | E56: 0 | F56: 11 | G56: =E56+F56 -> 11 | H56: =D56+G56 -> 11 | I56: 65 | J56: 80 | K56: =J56-I56 -> 15 | L56: 0.041666667 | M56: 0.12916667 | N56: 2 | O56: 280 | P56: =IF(H56>0,C56/H56,0) -> 3.6363636 | Q56: 0.4 | R56: {=INDEX(FPLBillHistory_BilledPricePerKW_Range, MATCH(1, (A56>=FPLBillHistory_BillFromDate_Range)*(A56<=FPLBillHistory_BillToDate_Range), 0))} -> 0.13702268 | S56: =D56*Q56 -> 0 | T56: =G56*R56 -> 1.5072495 | U56: =SUM(S56:T56) -> 1.5072495 | V56: 2.7 | W56: =C56/MPG_Kia -> 1.6 | X56: =V56*W56 -> 4.32 | Y56: =X56-U56 -> 2.8127505 | Z56: =IFERROR((X56-U56)/X56,0) -> 0.65109966 | AA56: =G56*Q56-G56*R56 -> 2.8927505 | AB56: =H56*Q56 -> 4.4 | AC56: =V56*W56 -> 4.32 | AD56: =H56*R56 -> 1.5072495 | AE56: =X56-AB56 -> -0.08 | AF56: =X56-AD56 -> 2.8127505 | AG56: =AB56-AD56 -> 2.8927505 | AH56: ='Gas Chemistry'!$B$11*$W56 -> 31.36 | AI56: ='Gas Chemistry'!$B$12*$W56 -> 12.8 | AJ56: 0 | AK56: ='Gas Chemistry'!$B$13*$W56 -> 0.032 | AL56: ='Gas Chemistry'!$B$14*$W56 -> 0.016 | AM56: ='Gas Chemistry'!$B$15*$W56 -> 0.0032 | AN56: ='Gas Chemistry'!$B$16*$W56 -> 0.0016 | AO56: ='Gas Chemistry'!$B$17*$W56 -> 0.0064 | AP56: =H56*Constants!$C$14 -> 37.532 | AQ56: ='Gas Chemistry'!$C$122*$AP56 -> 4.391244 | AR56: ='Gas Chemistry'!$C$123*$AP56 -> 5.404608 | AS56: ='Gas Chemistry'!$C$127*$AP56 -> 176.4004 | AT56: ='Gas Chemistry'!$C$124*$AP56 -> 0.003152688 | AU56: ='Gas Chemistry'!$C$126*$AP56 -> 0.0037532 | AV56: ='Gas Chemistry'!$C$125*$AP56 -> 0.00018766 | AW56: 0 | AX56: 0
A57: 45952 | B57: 1775 | C57: {=IF(B57=0, 0, B57 - INDEX(B$4:B56, MAX(IF(B$4:B56<>0, ROW(B$4:B56)-ROW(B$4)+1))))} -> 24 | D57: 0 | E57: 0 | F57: 6 | G57: =E57+F57 -> 6 | H57: =D57+G57 -> 6 | I57: 72 | J57: 80 | K57: =J57-I57 -> 8 | L57: 0.041666667 | M57: 0.083333333 | N57: 1 | O57: 280 | P57: =IF(H57>0,C57/H57,0) -> 4 | Q57: 0.4 | R57: {=INDEX(FPLBillHistory_BilledPricePerKW_Range, MATCH(1, (A57>=FPLBillHistory_BillFromDate_Range)*(A57<=FPLBillHistory_BillToDate_Range), 0))} -> 0.13702268 | S57: =D57*Q57 -> 0 | T57: =G57*R57 -> 0.82213606 | U57: =SUM(S57:T57) -> 0.82213606 | V57: 2.7 | W57: =C57/MPG_Kia -> 0.96 | X57: =V57*W57 -> 2.592 | Y57: =X57-U57 -> 1.7698639 | Z57: =IFERROR((X57-U57)/X57,0) -> 0.68281788 | AA57: =G57*Q57-G57*R57 -> 1.5778639 | AB57: =H57*Q57 -> 2.4 | AC57: =V57*W57 -> 2.592 | AD57: =H57*R57 -> 0.82213606 | AE57: =X57-AB57 -> 0.192 | AF57: =X57-AD57 -> 1.7698639 | AG57: =AB57-AD57 -> 1.5778639 | AH57: ='Gas Chemistry'!$B$11*$W57 -> 18.816 | AI57: ='Gas Chemistry'!$B$12*$W57 -> 7.68 | AJ57: 0 | AK57: ='Gas Chemistry'!$B$13*$W57 -> 0.0192 | AL57: ='Gas Chemistry'!$B$14*$W57 -> 0.0096 | AM57: ='Gas Chemistry'!$B$15*$W57 -> 0.00192 | AN57: ='Gas Chemistry'!$B$16*$W57 -> 0.00096 | AO57: ='Gas Chemistry'!$B$17*$W57 -> 0.00384 | AP57: =H57*Constants!$C$14 -> 20.472 | AQ57: ='Gas Chemistry'!$C$122*$AP57 -> 2.395224 | AR57: ='Gas Chemistry'!$C$123*$AP57 -> 2.947968 | AS57: ='Gas Chemistry'!$C$127*$AP57 -> 96.2184 | AT57: ='Gas Chemistry'!$C$124*$AP57 -> 0.001719648 | AU57: ='Gas Chemistry'!$C$126*$AP57 -> 0.0020472 | AV57: ='Gas Chemistry'!$C$125*$AP57 -> 0.00010236 | AW57: 0 | AX57: 0
A58: 45953 | B58: 0 | C58: {=IF(B58=0, 0, B58 - INDEX(B$4:B57, MAX(IF(B$4:B57<>0, ROW(B$4:B57)-ROW(B$4)+1))))} -> 0 | D58: 0 | E58: 0 | F58: 0 | G58: =E58+F58 -> 0 | H58: =D58+G58 -> 0 | I58: 0 | J58: 0 | K58: =J58-I58 -> 0 | N58: 0 | O58: 0 | P58: =IF(H58>0,C58/H58,0) -> 0 | Q58: 0 | R58: {=INDEX(FPLBillHistory_BilledPricePerKW_Range, MATCH(1, (A58>=FPLBillHistory_BillFromDate_Range)*(A58<=FPLBillHistory_BillToDate_Range), 0))} -> 0.13702268 | S58: =D58*Q58 -> 0 | T58: =G58*R58 -> 0 | U58: =SUM(S58:T58) -> 0 | V58: 0 | W58: =C58/MPG_Kia -> 0 | X58: =V58*W58 -> 0 | Y58: =X58-U58 -> 0 | Z58: =IFERROR((X58-U58)/X58,0) -> 0 | AA58: =G58*Q58-G58*R58 -> 0 | AB58: =H58*Q58 -> 0 | AC58: =V58*W58 -> 0 | AD58: =H58*R58 -> 0 | AE58: =X58-AB58 -> 0 | AF58: =X58-AD58 -> 0 | AG58: =AB58-AD58 -> 0 | AH58: ='Gas Chemistry'!$B$11*$W58 -> 0 | AI58: ='Gas Chemistry'!$B$12*$W58 -> 0 | AJ58: 0 | AK58: ='Gas Chemistry'!$B$13*$W58 -> 0 | AL58: ='Gas Chemistry'!$B$14*$W58 -> 0 | AM58: ='Gas Chemistry'!$B$15*$W58 -> 0 | AN58: ='Gas Chemistry'!$B$16*$W58 -> 0 | AO58: ='Gas Chemistry'!$B$17*$W58 -> 0 | AP58: =H58*Constants!$C$14 -> 0 | AQ58: ='Gas Chemistry'!$C$122*$AP58 -> 0 | AR58: ='Gas Chemistry'!$C$123*$AP58 -> 0 | AS58: ='Gas Chemistry'!$C$127*$AP58 -> 0 | AT58: ='Gas Chemistry'!$C$124*$AP58 -> 0 | AU58: ='Gas Chemistry'!$C$126*$AP58 -> 0 | AV58: ='Gas Chemistry'!$C$125*$AP58 -> 0 | AW58: 0 | AX58: 0
A59: 45954 | B59: 0 | C59: {=IF(B59=0, 0, B59 - INDEX(B$4:B58, MAX(IF(B$4:B58<>0, ROW(B$4:B58)-ROW(B$4)+1))))} -> 0 | D59: 0 | E59: 0 | F59: 0 | G59: =E59+F59 -> 0 | H59: =D59+G59 -> 0 | I59: 0 | J59: 0 | K59: =J59-I59 -> 0 | N59: 0 | O59: 0 | P59: =IF(H59>0,C59/H59,0) -> 0 | Q59: 0 | R59: {=INDEX(FPLBillHistory_BilledPricePerKW_Range, MATCH(1, (A59>=FPLBillHistory_BillFromDate_Range)*(A59<=FPLBillHistory_BillToDate_Range), 0))} -> 0.13702268 | S59: =D59*Q59 -> 0 | T59: =G59*R59 -> 0 | U59: =SUM(S59:T59) -> 0 | V59: 0 | W59: =C59/MPG_Kia -> 0 | X59: =V59*W59 -> 0 | Y59: =X59-U59 -> 0 | Z59: =IFERROR((X59-U59)/X59,0) -> 0 | AA59: =G59*Q59-G59*R59 -> 0 | AB59: =H59*Q59 -> 0 | AC59: =V59*W59 -> 0 | AD59: =H59*R59 -> 0 | AE59: =X59-AB59 -> 0 | AF59: =X59-AD59 -> 0 | AG59: =AB59-AD59 -> 0 | AH59: ='Gas Chemistry'!$B$11*$W59 -> 0 | AI59: ='Gas Chemistry'!$B$12*$W59 -> 0 | AJ59: 0 | AK59: ='Gas Chemistry'!$B$13*$W59 -> 0 | AL59: ='Gas Chemistry'!$B$14*$W59 -> 0 | AM59: ='Gas Chemistry'!$B$15*$W59 -> 0 | AN59: ='Gas Chemistry'!$B$16*$W59 -> 0 | AO59: ='Gas Chemistry'!$B$17*$W59 -> 0 | AP59: =H59*Constants!$C$14 -> 0 | AQ59: ='Gas Chemistry'!$C$122*$AP59 -> 0 | AR59: ='Gas Chemistry'!$C$123*$AP59 -> 0 | AS59: ='Gas Chemistry'!$C$127*$AP59 -> 0 | AT59: ='Gas Chemistry'!$C$124*$AP59 -> 0 | AU59: ='Gas Chemistry'!$C$126*$AP59 -> 0 | AV59: ='Gas Chemistry'!$C$125*$AP59 -> 0 | AW59: 0 | AX59: 0
A60: 45955 | B60: 0 | C60: {=IF(B60=0, 0, B60 - INDEX(B$4:B59, MAX(IF(B$4:B59<>0, ROW(B$4:B59)-ROW(B$4)+1))))} -> 0 | D60: 0 | E60: 0 | F60: 0 | G60: =E60+F60 -> 0 | H60: =D60+G60 -> 0 | I60: 0 | J60: 0 | K60: =J60-I60 -> 0 | N60: 0 | O60: 0 | P60: =IF(H60>0,C60/H60,0) -> 0 | Q60: 0 | R60: {=INDEX(FPLBillHistory_BilledPricePerKW_Range, MATCH(1, (A60>=FPLBillHistory_BillFromDate_Range)*(A60<=FPLBillHistory_BillToDate_Range), 0))} -> 0.13702268 | S60: =D60*Q60 -> 0 | T60: =G60*R60 -> 0 | U60: =SUM(S60:T60) -> 0 | V60: 0 | W60: =C60/MPG_Kia -> 0 | X60: =V60*W60 -> 0 | Y60: =X60-U60 -> 0 | Z60: =IFERROR((X60-U60)/X60,0) -> 0 | AA60: =G60*Q60-G60*R60 -> 0 | AB60: =H60*Q60 -> 0 | AC60: =V60*W60 -> 0 | AD60: =H60*R60 -> 0 | AE60: =X60-AB60 -> 0 | AF60: =X60-AD60 -> 0 | AG60: =AB60-AD60 -> 0 | AH60: ='Gas Chemistry'!$B$11*$W60 -> 0 | AI60: ='Gas Chemistry'!$B$12*$W60 -> 0 | AJ60: 0 | AK60: ='Gas Chemistry'!$B$13*$W60 -> 0 | AL60: ='Gas Chemistry'!$B$14*$W60 -> 0 | AM60: ='Gas Chemistry'!$B$15*$W60 -> 0 | AN60: ='Gas Chemistry'!$B$16*$W60 -> 0 | AO60: ='Gas Chemistry'!$B$17*$W60 -> 0 | AP60: =H60*Constants!$C$14 -> 0 | AQ60: ='Gas Chemistry'!$C$122*$AP60 -> 0 | AR60: ='Gas Chemistry'!$C$123*$AP60 -> 0 | AS60: ='Gas Chemistry'!$C$127*$AP60 -> 0 | AT60: ='Gas Chemistry'!$C$124*$AP60 -> 0 | AU60: ='Gas Chemistry'!$C$126*$AP60 -> 0 | AV60: ='Gas Chemistry'!$C$125*$AP60 -> 0 | AW60: 0 | AX60: 0
A61: 45956 | B61: 0 | C61: {=IF(B61=0, 0, B61 - INDEX(B$4:B60, MAX(IF(B$4:B60<>0, ROW(B$4:B60)-ROW(B$4)+1))))} -> 0 | D61: 0 | E61: 0 | F61: 0 | G61: =E61+F61 -> 0 | H61: =D61+G61 -> 0 | I61: 0 | J61: 0 | K61: =J61-I61 -> 0 | N61: 0 | O61: 0 | P61: =IF(H61>0,C61/H61,0) -> 0 | Q61: 0 | R61: {=INDEX(FPLBillHistory_BilledPricePerKW_Range, MATCH(1, (A61>=FPLBillHistory_BillFromDate_Range)*(A61<=FPLBillHistory_BillToDate_Range), 0))} -> 0.13702268 | S61: =D61*Q61 -> 0 | T61: =G61*R61 -> 0 | U61: =SUM(S61:T61) -> 0 | V61: 0 | W61: =C61/MPG_Kia -> 0 | X61: =V61*W61 -> 0 | Y61: =X61-U61 -> 0 | Z61: =IFERROR((X61-U61)/X61,0) -> 0 | AA61: =G61*Q61-G61*R61 -> 0 | AB61: =H61*Q61 -> 0 | AC61: =V61*W61 -> 0 | AD61: =H61*R61 -> 0 | AE61: =X61-AB61 -> 0 | AF61: =X61-AD61 -> 0 | AG61: =AB61-AD61 -> 0 | AH61: ='Gas Chemistry'!$B$11*$W61 -> 0 | AI61: ='Gas Chemistry'!$B$12*$W61 -> 0 | AJ61: 0 | AK61: ='Gas Chemistry'!$B$13*$W61 -> 0 | AL61: ='Gas Chemistry'!$B$14*$W61 -> 0 | AM61: ='Gas Chemistry'!$B$15*$W61 -> 0 | AN61: ='Gas Chemistry'!$B$16*$W61 -> 0 | AO61: ='Gas Chemistry'!$B$17*$W61 -> 0 | AP61: =H61*Constants!$C$14 -> 0 | AQ61: ='Gas Chemistry'!$C$122*$AP61 -> 0 | AR61: ='Gas Chemistry'!$C$123*$AP61 -> 0 | AS61: ='Gas Chemistry'!$C$127*$AP61 -> 0 | AT61: ='Gas Chemistry'!$C$124*$AP61 -> 0 | AU61: ='Gas Chemistry'!$C$126*$AP61 -> 0 | AV61: ='Gas Chemistry'!$C$125*$AP61 -> 0 | AW61: 0 | AX61: 0
A62: 45957 | B62: 0 | C62: {=IF(B62=0, 0, B62 - INDEX(B$4:B61, MAX(IF(B$4:B61<>0, ROW(B$4:B61)-ROW(B$4)+1))))} -> 0 | D62: 0 | E62: 0 | F62: 0 | G62: =E62+F62 -> 0 | H62: =D62+G62 -> 0 | I62: 0 | J62: 0 | K62: =J62-I62 -> 0 | N62: 0 | O62: 0 | P62: =IF(H62>0,C62/H62,0) -> 0 | Q62: 0 | R62: {=INDEX(FPLBillHistory_BilledPricePerKW_Range, MATCH(1, (A62>=FPLBillHistory_BillFromDate_Range)*(A62<=FPLBillHistory_BillToDate_Range), 0))} -> 0.13702268 | S62: =D62*Q62 -> 0 | T62: =G62*R62 -> 0 | U62: =SUM(S62:T62) -> 0 | V62: 0 | W62: =C62/MPG_Kia -> 0 | X62: =V62*W62 -> 0 | Y62: =X62-U62 -> 0 | Z62: =IFERROR((X62-U62)/X62,0) -> 0 | AA62: =G62*Q62-G62*R62 -> 0 | AB62: =H62*Q62 -> 0 | AC62: =V62*W62 -> 0 | AD62: =H62*R62 -> 0 | AE62: =X62-AB62 -> 0 | AF62: =X62-AD62 -> 0 | AG62: =AB62-AD62 -> 0 | AH62: ='Gas Chemistry'!$B$11*$W62 -> 0 | AI62: ='Gas Chemistry'!$B$12*$W62 -> 0 | AJ62: 0 | AK62: ='Gas Chemistry'!$B$13*$W62 -> 0 | AL62: ='Gas Chemistry'!$B$14*$W62 -> 0 | AM62: ='Gas Chemistry'!$B$15*$W62 -> 0 | AN62: ='Gas Chemistry'!$B$16*$W62 -> 0 | AO62: ='Gas Chemistry'!$B$17*$W62 -> 0 | AP62: =H62*Constants!$C$14 -> 0 | AQ62: ='Gas Chemistry'!$C$122*$AP62 -> 0 | AR62: ='Gas Chemistry'!$C$123*$AP62 -> 0 | AS62: ='Gas Chemistry'!$C$127*$AP62 -> 0 | AT62: ='Gas Chemistry'!$C$124*$AP62 -> 0 | AU62: ='Gas Chemistry'!$C$126*$AP62 -> 0 | AV62: ='Gas Chemistry'!$C$125*$AP62 -> 0 | AW62: 0 | AX62: 0
A63: 45958 | B63: 0 | C63: {=IF(B63=0, 0, B63 - INDEX(B$4:B62, MAX(IF(B$4:B62<>0, ROW(B$4:B62)-ROW(B$4)+1))))} -> 0 | D63: 0 | E63: 0 | F63: 0 | G63: =E63+F63 -> 0 | H63: =D63+G63 -> 0 | I63: 0 | J63: 0 | K63: =J63-I63 -> 0 | N63: 0 | O63: 0 | P63: =IF(H63>0,C63/H63,0) -> 0 | Q63: 0 | R63: {=INDEX(FPLBillHistory_BilledPricePerKW_Range, MATCH(1, (A63>=FPLBillHistory_BillFromDate_Range)*(A63<=FPLBillHistory_BillToDate_Range), 0))} -> 0.13702268 | S63: =D63*Q63 -> 0 | T63: =G63*R63 -> 0 | U63: =SUM(S63:T63) -> 0 | V63: 0 | W63: =C63/MPG_Kia -> 0 | X63: =V63*W63 -> 0 | Y63: =X63-U63 -> 0 | Z63: =IFERROR((X63-U63)/X63,0) -> 0 | AA63: =G63*Q63-G63*R63 -> 0 | AB63: =H63*Q63 -> 0 | AC63: =V63*W63 -> 0 | AD63: =H63*R63 -> 0 | AE63: =X63-AB63 -> 0 | AF63: =X63-AD63 -> 0 | AG63: =AB63-AD63 -> 0 | AH63: ='Gas Chemistry'!$B$11*$W63 -> 0 | AI63: ='Gas Chemistry'!$B$12*$W63 -> 0 | AJ63: 0 | AK63: ='Gas Chemistry'!$B$13*$W63 -> 0 | AL63: ='Gas Chemistry'!$B$14*$W63 -> 0 | AM63: ='Gas Chemistry'!$B$15*$W63 -> 0 | AN63: ='Gas Chemistry'!$B$16*$W63 -> 0 | AO63: ='Gas Chemistry'!$B$17*$W63 -> 0 | AP63: =H63*Constants!$C$14 -> 0 | AQ63: ='Gas Chemistry'!$C$122*$AP63 -> 0 | AR63: ='Gas Chemistry'!$C$123*$AP63 -> 0 | AS63: ='Gas Chemistry'!$C$127*$AP63 -> 0 | AT63: ='Gas Chemistry'!$C$124*$AP63 -> 0 | AU63: ='Gas Chemistry'!$C$126*$AP63 -> 0 | AV63: ='Gas Chemistry'!$C$125*$AP63 -> 0 | AW63: 0 | AX63: 0
A64: 45959 | B64: 0 | C64: {=IF(B64=0, 0, B64 - INDEX(B$4:B63, MAX(IF(B$4:B63<>0, ROW(B$4:B63)-ROW(B$4)+1))))} -> 0 | D64: 0 | E64: 0 | F64: 0 | G64: =E64+F64 -> 0 | H64: =D64+G64 -> 0 | I64: 0 | J64: 0 | K64: =J64-I64 -> 0 | N64: 0 | O64: 0 | P64: =IF(H64>0,C64/H64,0) -> 0 | Q64: 0 | R64: {=INDEX(FPLBillHistory_BilledPricePerKW_Range, MATCH(1, (A64>=FPLBillHistory_BillFromDate_Range)*(A64<=FPLBillHistory_BillToDate_Range), 0))} -> 0.13702268 | S64: =D64*Q64 -> 0 | T64: =G64*R64 -> 0 | U64: =SUM(S64:T64) -> 0 | V64: 0 | W64: =C64/MPG_Kia -> 0 | X64: =V64*W64 -> 0 | Y64: =X64-U64 -> 0 | Z64: =IFERROR((X64-U64)/X64,0) -> 0 | AA64: =G64*Q64-G64*R64 -> 0 | AB64: =H64*Q64 -> 0 | AC64: =V64*W64 -> 0 | AD64: =H64*R64 -> 0 | AE64: =X64-AB64 -> 0 | AF64: =X64-AD64 -> 0 | AG64: =AB64-AD64 -> 0 | AH64: ='Gas Chemistry'!$B$11*$W64 -> 0 | AI64: ='Gas Chemistry'!$B$12*$W64 -> 0 | AJ64: 0 | AK64: ='Gas Chemistry'!$B$13*$W64 -> 0 | AL64: ='Gas Chemistry'!$B$14*$W64 -> 0 | AM64: ='Gas Chemistry'!$B$15*$W64 -> 0 | AN64: ='Gas Chemistry'!$B$16*$W64 -> 0 | AO64: ='Gas Chemistry'!$B$17*$W64 -> 0 | AP64: =H64*Constants!$C$14 -> 0 | AQ64: ='Gas Chemistry'!$C$122*$AP64 -> 0 | AR64: ='Gas Chemistry'!$C$123*$AP64 -> 0 | AS64: ='Gas Chemistry'!$C$127*$AP64 -> 0 | AT64: ='Gas Chemistry'!$C$124*$AP64 -> 0 | AU64: ='Gas Chemistry'!$C$126*$AP64 -> 0 | AV64: ='Gas Chemistry'!$C$125*$AP64 -> 0 | AW64: 0 | AX64: 0
A65: 45960 | B65: 0 | C65: {=IF(B65=0, 0, B65 - INDEX(B$4:B64, MAX(IF(B$4:B64<>0, ROW(B$4:B64)-ROW(B$4)+1))))} -> 0 | D65: 0 | E65: 0 | F65: 0 | G65: =E65+F65 -> 0 | H65: =D65+G65 -> 0 | I65: 0 | J65: 0 | K65: =J65-I65 -> 0 | N65: 0 | O65: 0 | P65: =IF(H65>0,C65/H65,0) -> 0 | Q65: 0 | R65: {=INDEX(FPLBillHistory_BilledPricePerKW_Range, MATCH(1, (A65>=FPLBillHistory_BillFromDate_Range)*(A65<=FPLBillHistory_BillToDate_Range), 0))} -> 0.13702268 | S65: =D65*Q65 -> 0 | T65: =G65*R65 -> 0 | U65: =SUM(S65:T65) -> 0 | V65: 0 | W65: =C65/MPG_Kia -> 0 | X65: =V65*W65 -> 0 | Y65: =X65-U65 -> 0 | Z65: =IFERROR((X65-U65)/X65,0) -> 0 | AA65: =G65*Q65-G65*R65 -> 0 | AB65: =H65*Q65 -> 0 | AC65: =V65*W65 -> 0 | AD65: =H65*R65 -> 0 | AE65: =X65-AB65 -> 0 | AF65: =X65-AD65 -> 0 | AG65: =AB65-AD65 -> 0 | AH65: ='Gas Chemistry'!$B$11*$W65 -> 0 | AI65: ='Gas Chemistry'!$B$12*$W65 -> 0 | AJ65: 0 | AK65: ='Gas Chemistry'!$B$13*$W65 -> 0 | AL65: ='Gas Chemistry'!$B$14*$W65 -> 0 | AM65: ='Gas Chemistry'!$B$15*$W65 -> 0 | AN65: ='Gas Chemistry'!$B$16*$W65 -> 0 | AO65: ='Gas Chemistry'!$B$17*$W65 -> 0 | AP65: =H65*Constants!$C$14 -> 0 | AQ65: ='Gas Chemistry'!$C$122*$AP65 -> 0 | AR65: ='Gas Chemistry'!$C$123*$AP65 -> 0 | AS65: ='Gas Chemistry'!$C$127*$AP65 -> 0 | AT65: ='Gas Chemistry'!$C$124*$AP65 -> 0 | AU65: ='Gas Chemistry'!$C$126*$AP65 -> 0 | AV65: ='Gas Chemistry'!$C$125*$AP65 -> 0 | AW65: 0 | AX65: 0
A66: 45961 | B66: 0 | C66: {=IF(B66=0, 0, B66 - INDEX(B$4:B65, MAX(IF(B$4:B65<>0, ROW(B$4:B65)-ROW(B$4)+1))))} -> 0 | D66: 0 | E66: 0 | F66: 0 | G66: =E66+F66 -> 0 | H66: =D66+G66 -> 0 | I66: 0 | J66: 0 | K66: =J66-I66 -> 0 | N66: 0 | O66: 0 | P66: =IF(H66>0,C66/H66,0) -> 0 | Q66: 0 | R66: {=INDEX(FPLBillHistory_BilledPricePerKW_Range, MATCH(1, (A66>=FPLBillHistory_BillFromDate_Range)*(A66<=FPLBillHistory_BillToDate_Range), 0))} -> 0.13702268 | S66: =D66*Q66 -> 0 | T66: =G66*R66 -> 0 | U66: =SUM(S66:T66) -> 0 | V66: 0 | W66: =C66/MPG_Kia -> 0 | X66: =V66*W66 -> 0 | Y66: =X66-U66 -> 0 | Z66: =IFERROR((X66-U66)/X66,0) -> 0 | AA66: =G66*Q66-G66*R66 -> 0 | AB66: =H66*Q66 -> 0 | AC66: =V66*W66 -> 0 | AD66: =H66*R66 -> 0 | AE66: =X66-AB66 -> 0 | AF66: =X66-AD66 -> 0 | AG66: =AB66-AD66 -> 0 | AH66: ='Gas Chemistry'!$B$11*$W66 -> 0 | AI66: ='Gas Chemistry'!$B$12*$W66 -> 0 | AJ66: 0 | AK66: ='Gas Chemistry'!$B$13*$W66 -> 0 | AL66: ='Gas Chemistry'!$B$14*$W66 -> 0 | AM66: ='Gas Chemistry'!$B$15*$W66 -> 0 | AN66: ='Gas Chemistry'!$B$16*$W66 -> 0 | AO66: ='Gas Chemistry'!$B$17*$W66 -> 0 | AP66: =H66*Constants!$C$14 -> 0 | AQ66: ='Gas Chemistry'!$C$122*$AP66 -> 0 | AR66: ='Gas Chemistry'!$C$123*$AP66 -> 0 | AS66: ='Gas Chemistry'!$C$127*$AP66 -> 0 | AT66: ='Gas Chemistry'!$C$124*$AP66 -> 0 | AU66: ='Gas Chemistry'!$C$126*$AP66 -> 0 | AV66: ='Gas Chemistry'!$C$125*$AP66 -> 0 | AW66: 0 | AX66: 0
A67: 45962 | B67: 0 | C67: {=IF(B67=0, 0, B67 - INDEX(B$4:B66, MAX(IF(B$4:B66<>0, ROW(B$4:B66)-ROW(B$4)+1))))} -> 0 | D67: 0 | E67: 0 | F67: 0 | G67: =E67+F67 -> 0 | H67: =D67+G67 -> 0 | I67: 0 | J67: 0 | K67: =J67-I67 -> 0 | N67: 0 | O67: 0 | P67: =IF(H67>0,C67/H67,0) -> 0 | Q67: 0 | R67: {=INDEX(FPLBillHistory_BilledPricePerKW_Range, MATCH(1, (A67>=FPLBillHistory_BillFromDate_Range)*(A67<=FPLBillHistory_BillToDate_Range), 0))} -> 0.13702268 | S67: =D67*Q67 -> 0 | T67: =G67*R67 -> 0 | U67: =SUM(S67:T67) -> 0 | V67: 0 | W67: =C67/MPG_Kia -> 0 | X67: =V67*W67 -> 0 | Y67: =X67-U67 -> 0 | Z67: =IFERROR((X67-U67)/X67,0) -> 0 | AA67: =G67*Q67-G67*R67 -> 0 | AB67: =H67*Q67 -> 0 | AC67: =V67*W67 -> 0 | AD67: =H67*R67 -> 0 | AE67: =X67-AB67 -> 0 | AF67: =X67-AD67 -> 0 | AG67: =AB67-AD67 -> 0 | AH67: ='Gas Chemistry'!$B$11*$W67 -> 0 | AI67: ='Gas Chemistry'!$B$12*$W67 -> 0 | AJ67: 0 | AK67: ='Gas Chemistry'!$B$13*$W67 -> 0 | AL67: ='Gas Chemistry'!$B$14*$W67 -> 0 | AM67: ='Gas Chemistry'!$B$15*$W67 -> 0 | AN67: ='Gas Chemistry'!$B$16*$W67 -> 0 | AO67: ='Gas Chemistry'!$B$17*$W67 -> 0 | AP67: =H67*Constants!$C$14 -> 0 | AQ67: ='Gas Chemistry'!$C$122*$AP67 -> 0 | AR67: ='Gas Chemistry'!$C$123*$AP67 -> 0 | AS67: ='Gas Chemistry'!$C$127*$AP67 -> 0 | AT67: ='Gas Chemistry'!$C$124*$AP67 -> 0 | AU67: ='Gas Chemistry'!$C$126*$AP67 -> 0 | AV67: ='Gas Chemistry'!$C$125*$AP67 -> 0 | AW67: 0 | AX67: 0
A68: 45963 | B68: 0 | C68: {=IF(B68=0, 0, B68 - INDEX(B$4:B67, MAX(IF(B$4:B67<>0, ROW(B$4:B67)-ROW(B$4)+1))))} -> 0 | D68: 0 | E68: 0 | F68: 0 | G68: =E68+F68 -> 0 | H68: =D68+G68 -> 0 | I68: 0 | J68: 0 | K68: =J68-I68 -> 0 | N68: 0 | O68: 0 | P68: =IF(H68>0,C68/H68,0) -> 0 | Q68: 0 | R68: {=INDEX(FPLBillHistory_BilledPricePerKW_Range, MATCH(1, (A68>=FPLBillHistory_BillFromDate_Range)*(A68<=FPLBillHistory_BillToDate_Range), 0))} -> 0.13702268 | S68: =D68*Q68 -> 0 | T68: =G68*R68 -> 0 | U68: =SUM(S68:T68) -> 0 | V68: 0 | W68: =C68/MPG_Kia -> 0 | X68: =V68*W68 -> 0 | Y68: =X68-U68 -> 0 | Z68: =IFERROR((X68-U68)/X68,0) -> 0 | AA68: =G68*Q68-G68*R68 -> 0 | AB68: =H68*Q68 -> 0 | AC68: =V68*W68 -> 0 | AD68: =H68*R68 -> 0 | AE68: =X68-AB68 -> 0 | AF68: =X68-AD68 -> 0 | AG68: =AB68-AD68 -> 0 | AH68: ='Gas Chemistry'!$B$11*$W68 -> 0 | AI68: ='Gas Chemistry'!$B$12*$W68 -> 0 | AJ68: 0 | AK68: ='Gas Chemistry'!$B$13*$W68 -> 0 | AL68: ='Gas Chemistry'!$B$14*$W68 -> 0 | AM68: ='Gas Chemistry'!$B$15*$W68 -> 0 | AN68: ='Gas Chemistry'!$B$16*$W68 -> 0 | AO68: ='Gas Chemistry'!$B$17*$W68 -> 0 | AP68: =H68*Constants!$C$14 -> 0 | AQ68: ='Gas Chemistry'!$C$122*$AP68 -> 0 | AR68: ='Gas Chemistry'!$C$123*$AP68 -> 0 | AS68: ='Gas Chemistry'!$C$127*$AP68 -> 0 | AT68: ='Gas Chemistry'!$C$124*$AP68 -> 0 | AU68: ='Gas Chemistry'!$C$126*$AP68 -> 0 | AV68: ='Gas Chemistry'!$C$125*$AP68 -> 0 | AW68: 0 | AX68: 0
A69: 45964
A70: 45965
A71: 45966
A72: 45967
A73: 45968
A74: 45969
A75: 45970
A76: 45971
A77: 45972
A78: 45973
A79: 45974
A80: 45975
... A141: 46036

Sheet Tracker Pivot
B3: Row Labels | C3: Miles Driven | D3: Total Charge Cost | E3: Est Gallons of gas | F3: Est Gas Cost | G3: Charge / Gas Cost Difference | H3: Sum of Super Charger KWh | I3: Sum of Home KWh | J3: Average of Miles per KWh | K3: Sum of Charge Cost Home
B4: <8/31/2025
B5: 8/31/2025 - 9/6/2025 | C5: 130 | D5: 16.66 | E5: 5.2 | F5: 14.3 | G5: -2.36 | H5: 49 | I5: 0 | J5: 0.37900875 | K5: 0
B6: 9/7/2025 - 9/13/2025 | C6: 295 | D6: 26.238317 | E6: 11.8 | F6: 32.45 | G6: 6.2116825 | H6: 76 | I6: 14 | J6: 1.8295739 | K6: 1.9183175
B7: 9/14/2025 - 9/20/2025 | C7: 251 | D7: 8.6324287 | E7: 10.04 | F7: 27.61 | G7: 18.977571 | H7: 0 | I7: 63 | J7: 2.6672554 | K7: 8.6324287
B8: 9/21/2025 - 9/27/2025 | C8: 200 | D8: 9.7286101 | E8: 8 | F8: 22.3104 | G8: 12.58179 | H8: 0 | I8: 71 | J8: 1.697619 | K8: 9.7286101
B9: 9/28/2025 - 10/4/2025 | C9: 138 | D9: 8.7694514 | E9: 5.52 | F9: 15.4008 | G9: 6.6313486 | H9: 0 | I9: 64 | J9: 1.1352369 | K9: 8.7694514
B10: 10/5/2025 - 10/11/2025 | C10: 485 | D10: 19.943109 | E10: 19.4 | F10: 53.28 | G10: 33.336891 | H10: 18 | I10: 93 | J10: 2.8568195 | K10: 12.743109
B11: 10/12/2025 - 10/18/2025 | C11: 156 | D11: 5.6179298 | E11: 6.24 | F11: 16.848 | G11: 11.23007 | H11: 0 | I11: 41 | J11: 1.4819714 | K11: 5.6179298
B12: 10/19/2025 - 10/25/2025 | C12: 120 | D12: 4.3847257 | E12: 4.8 | F12: 12.96 | G12: 8.5752743 | H12: 0 | I12: 32 | J12: 1.6242424 | K12: 4.3847257
B13: 10/26/2025 - 11/1/2025 | C13: 0 | D13: 0 | E13: 0 | F13: 0 | G13: 0 | H13: 0 | I13: 0 | J13: 0 | K13: 0
B14: 11/2/2025 - 11/8/2025 | C14: 0 | D14: 0 | E14: 0 | F14: 0 | G14: 0 | H14: 0 | I14: 0 | J14: 0 | K14: 0
B15: 11/9/2025 - 11/15/2025
B16: 11/16/2025 - 11/22/2025
B17: 11/23/2025 - 11/29/2025
B18: 11/30/2025 - 12/6/2025
B19: 12/7/2025 - 12/13/2025
B20: 12/14/2025 - 12/20/2025
B21: 12/21/2025 - 12/27/2025
B22: 12/28/2025 - 1/3/2026
B23: 1/4/2026 - 1/10/2026
B24: 1/11/2026 - 1/15/2026
B25: Grand Total | C25: 1775 | D25: 99.974572 | E25: 71 | F25: 195.1592 | G25: 95.184628 | H25: 143 | I25: 378 | J25: 1.4953452 | K25: 51.794572

Sheet Constants
C1: 25 | D1: MPG of Kia
C2: 0.8 | D2: max charge percent
C3: 182.03 | D3: Splitter / Surge Prot Cost
C4: =Total_KWs/Total_GallonsGas -> 7.3380282 | D4: KWh's per Gallon of Gas
C5: =C4*Cost_PerKWh_Home_ChargeStats -> 1.0055466 | D5: Compare cost of KWh / Gallon of Gas (Home)
C6: ='Charge Stats'!P2 -> 3.4069098 | D6: KWh's Per Mile
C7: =ChargeStats_AvgPricePerGallonoOfGas -> 2.7437931 | D7: Average Price Per Gallon of Gas in 2025
C8: =_xlfn.MINIFS(ChargeStats_Date_Range,ChargeStats_OdometerMiles_Range,">0") -> 45905 | D8: First Day running car
C9: =_xlfn.MAXIFS(ChargeStats_Date_Range,ChargeStats_OdometerMiles_Range,">0") -> 45952 | D9: Last Day running car
C10: =C9-C8 -> 47 | D10: Days running the Tesla
C11: =1-'Gas Chemistry'!B147 -> 0.7 | D11: Electric Motor Efficiency over ICE Motor
C12: ='Gas Chemistry'!D53 -> 0.10714286 | D12: Natural Gas is mostly Hydrogen and weightless adding to efficiency of Fossil Fuel source
C13: 3412 | D13: BTU's for each 1 KWh
C14: =C13/C18 -> 3.412 | D14: Cu Feet of Natural Gas per KWh
C15: =C16*(1-C11) -> 34.5 | D15: Cu Ft Natural Gas Burned for an Electric car accounting for electric Motor Efficiency = 1 Gallon of Gas (Equivalent BTU's)
C16: =C17/C18 -> 115 | D16: Cu Ft Natural Gas = 1 Gallon of Gas (Equivalent BTU's)
C17: 115000 | D17: BTU / Gallon of Gasoline
C18: 1000 | D18: BTU / Cu Ft of Natural Gas
C19: 0.13368 | D19: Cu Ft of 1 gallon of gas(since 1 cubic foot = 1,728 cubic inches, so 231 ÷ 1,728 ≈ 0.13368).
A21: Pounds of Emissions of Gasoline compared to Natural Gas
A22: Natural Gas (115 cu Ft) | B22: Natural Gas (1 cu Ft) | C22: Gasoline (1 Gallon) | D22: 1 Gallon of gas has the same BTU's as 115 Cu Ft of Natural Gas
A23: =B23*$C$16 -> 13.455 | B23: ='Gas Chemistry'!$C$122 -> 0.117 | C23: ='Gas Chemistry'!$B$11 -> 19.6 | D23: Carbon dioxide (CO₂)
A24: =B24*$C$16 -> 16.56 | B24: ='Gas Chemistry'!$C$123 -> 0.144 | C24: ='Gas Chemistry'!$B$12 -> 8 | D24: Water vapor (H₂O)
A25: =B25*$C$16 -> 540.5 | B25: ='Gas Chemistry'!$C$127 -> 4.7 | C25: 0 | D25: ='Gas Chemistry'!A127&'Gas Chemistry'!B127 -> **Nitrogen** N₂
A26: =B26*$C$16 -> 0.00966 | B26: ='Gas Chemistry'!$C$124 -> 8.4e-05 | C26: ='Gas Chemistry'!$B$13 -> 0.02 | D26: Carbon monoxide (CO)
A27: =B27*$C$16 -> 0.0115 | B27: ='Gas Chemistry'!$C$126 -> 0.0001 | C27: ='Gas Chemistry'!$B$14 -> 0.01 | D27: Nitrogen oxides (NOₓ)
A28: =B28*$C$16 -> 0.000575 | B28: ='Gas Chemistry'!$C$125 -> 5e-06 | C28: ='Gas Chemistry'!$B$15 -> 0.002 | D28: Unburned hydrocarbons (VOCs)
A29: =B29*$C$16 -> 0 | B29: 0 | C29: ='Gas Chemistry'!$B$16 -> 0.001 | D29: Particulate matter (PM2.5)
A30: =B30*$C$16 -> 0 | B30: 0 | C30: ='Gas Chemistry'!$B$17 -> 0.004 | D30: Sulfur dioxide (SO₂)
A31: =B31*$C$16 -> 570.53674 | B31: =SUM(B23:B30) -> 4.961189 | C31: =SUM(C23:C30) -> 27.637 | D31: Total Weight of Chemicals in Atmosphere
A32: =B32*$C$16 -> 0.021735 | B32: =SUM(B26:B30) -> 0.000189 | C32: =SUM(C26:C30) -> 0.037 | D32: Weight of Harmful Chemicals
C34: =C40 -> 1398.44 | D34: $ 2025 amount of gas purchased since September 2025
D35: $ 2026 amount of gas purchased since September 2025
C37: =SUM(C34:C36) -> 1398.44 | D37: Total Gas Purchased since owning a tesla
C38: =C37/C7 -> 509.674 | D38: Estimated Gallons of Gas purchased
C40: ='[1]Budget 2025'!$AF$24*-1 -> 1398.44 | D40: 2025 Total Gas Purchase for Car
C41: =C40/C7 -> 509.674 | D41: Estimated Gallons of Gas purchased in all of 2025

Sheet FPL Bill History
A1: seq | B1: Bill Cycle | C1: Bill From Date | D1: Bill To Date | E1: Bill Service Days | F1: Billed KWh Used | G1: Super Charger KWh | H1: Home Charge KWh | I1: Home KWh | J1: Home Car Charge Cost KWh | K1: bill Amount | L1: Cost Per Day | M1: Billed Price per KW | V1: 365.39
A2: 1 | B2: 45505 | C2: 45511 | D2: =C3-1 -> 45541 | E2: 31 | F2: 1515 | G2: =SUMIFS(ChargeStats_SuperChargerKWh_Range,ChargeStats_Date_Range,">="&C2,ChargeStats_Date_Range,"<="&D2) -> 0 | H2: =SUMIFS(ChargeStats_HomeKWh_Range,ChargeStats_Date_Range,">="&C2,ChargeStats_Date_Range,"<="&D2) -> 0 | I2: =IF(F2>0,F2-J2,0) -> 1515 | J2: =H2*M2 -> 0 | K2: 189.14 | L2: =IFERROR(K2/E2,0) -> 6.1012903 | M2: =IFERROR(K2/F2,M1) -> 0.12484488 | U2: deduction % | V2: 0.2
A3: 2 | B3: 45536 | C3: 45542 | D3: =C4-1 -> 45571 | E3: 30 | F3: 1146 | G3: =SUMIFS(ChargeStats_SuperChargerKWh_Range,ChargeStats_Date_Range,">="&C3,ChargeStats_Date_Range,"<="&D3) -> 0 | H3: =SUMIFS(ChargeStats_HomeKWh_Range,ChargeStats_Date_Range,">="&C3,ChargeStats_Date_Range,"<="&D3) -> 0 | I3: =IF(F3>0,F3-J3,0) -> 1146 | J3: =H3*M3 -> 0 | K3: 140.45 | L3: =IFERROR(K3/E3,0) -> 4.6816667 | M3: =IFERROR(K3/F3,M2) -> 0.12255672 | U3: Gross pay | V3: =V1 / (1 - V2) -> 456.7375
A4: 3 | B4: 45566 | C4: 45572 | D4: =C5-1 -> 45601 | E4: 30 | F4: 767 | G4: =SUMIFS(ChargeStats_SuperChargerKWh_Range,ChargeStats_Date_Range,">="&C4,ChargeStats_Date_Range,"<="&D4) -> 0 | H4: =SUMIFS(ChargeStats_HomeKWh_Range,ChargeStats_Date_Range,">="&C4,ChargeStats_Date_Range,"<="&D4) -> 0 | I4: =IF(F4>0,F4-J4,0) -> 767 | J4: =H4*M4 -> 0 | K4: 95.24 | L4: =IFERROR(K4/E4,0) -> 3.1746667 | M4: =IFERROR(K4/F4,M3) -> 0.1241721 | U4: Hrly rate | V4: 17 | W4: per hour
A5: 4 | B5: 45597 | C5: 45602 | D5: =C6-1 -> 45631 | E5: 30 | F5: 677 | G5: =SUMIFS(ChargeStats_SuperChargerKWh_Range,ChargeStats_Date_Range,">="&C5,ChargeStats_Date_Range,"<="&D5) -> 0 | H5: =SUMIFS(ChargeStats_HomeKWh_Range,ChargeStats_Date_Range,">="&C5,ChargeStats_Date_Range,"<="&D5) -> 0 | I5: =IF(F5>0,F5-J5,0) -> 677 | J5: =H5*M5 -> 0 | K5: 85.21 | L5: =IFERROR(K5/E5,0) -> 2.8403333 | M5: =IFERROR(K5/F5,M4) -> 0.12586411 | U5: hours | V5: =V3/V4 -> 26.866912
A6: 5 | B6: 45627 | C6: 45632 | D6: =C7-1 -> 45663 | E6: 33 | F6: 937 | G6: =SUMIFS(ChargeStats_SuperChargerKWh_Range,ChargeStats_Date_Range,">="&C6,ChargeStats_Date_Range,"<="&D6) -> 0 | H6: =SUMIFS(ChargeStats_HomeKWh_Range,ChargeStats_Date_Range,">="&C6,ChargeStats_Date_Range,"<="&D6) -> 0 | I6: =IF(F6>0,F6-J6,0) -> 937 | J6: =H6*M6 -> 0 | K6: 126.17 | L6: =IFERROR(K6/E6,0) -> 3.8233333 | M6: =IFERROR(K6/F6,M5) -> 0.13465315
A7: 6 | B7: 45658 | C7: 45664 | D7: =C8-1 -> 45694 | E7: 30 | F7: 749 | G7: =SUMIFS(ChargeStats_SuperChargerKWh_Range,ChargeStats_Date_Range,">="&C7,ChargeStats_Date_Range,"<="&D7) -> 0 | H7: =SUMIFS(ChargeStats_HomeKWh_Range,ChargeStats_Date_Range,">="&C7,ChargeStats_Date_Range,"<="&D7) -> 0 | I7: =IF(F7>0,F7-J7,0) -> 749 | J7: =H7*M7 -> 0 | K7: 102.95 | L7: =IFERROR(K7/E7,0) -> 3.4316667 | M7: =IFERROR(K7/F7,M6) -> 0.13744993
A8: 7 | B8: 45689 | C8: 45695 | D8: =C9-1 -> 45722 | E8: 28 | F8: 542 | G8: =SUMIFS(ChargeStats_SuperChargerKWh_Range,ChargeStats_Date_Range,">="&C8,ChargeStats_Date_Range,"<="&D8) -> 0 | H8: =SUMIFS(ChargeStats_HomeKWh_Range,ChargeStats_Date_Range,">="&C8,ChargeStats_Date_Range,"<="&D8) -> 0 | I8: =IF(F8>0,F8-J8,0) -> 542 | J8: =H8*M8 -> 0 | K8: 77.23 | L8: =IFERROR(K8/E8,0) -> 2.7582143 | M8: =IFERROR(K8/F8,M7) -> 0.14249077
A9: 8 | B9: 45717 | C9: 45723 | D9: =C10-1 -> 45753 | E9: 31 | F9: 678 | G9: =SUMIFS(ChargeStats_SuperChargerKWh_Range,ChargeStats_Date_Range,">="&C9,ChargeStats_Date_Range,"<="&D9) -> 0 | H9: =SUMIFS(ChargeStats_HomeKWh_Range,ChargeStats_Date_Range,">="&C9,ChargeStats_Date_Range,"<="&D9) -> 0 | I9: =IF(F9>0,F9-J9,0) -> 678 | J9: =H9*M9 -> 0 | K9: 94.13 | L9: =IFERROR(K9/E9,0) -> 3.0364516 | M9: =IFERROR(K9/F9,M8) -> 0.13883481
A10: 9 | B10: 45748 | C10: 45754 | D10: =C11-1 -> 45783 | E10: 30 | F10: 822 | G10: =SUMIFS(ChargeStats_SuperChargerKWh_Range,ChargeStats_Date_Range,">="&C10,ChargeStats_Date_Range,"<="&D10) -> 0 | H10: =SUMIFS(ChargeStats_HomeKWh_Range,ChargeStats_Date_Range,">="&C10,ChargeStats_Date_Range,"<="&D10) -> 0 | I10: =IF(F10>0,F10-J10,0) -> 822 | J10: =H10*M10 -> 0 | K10: 112.02 | L10: =IFERROR(K10/E10,0) -> 3.734 | M10: =IFERROR(K10/F10,M9) -> 0.13627737
A11: 10 | B11: 45778 | C11: 45784 | D11: =C12-1 -> 45813 | E11: 30 | F11: 1162 | G11: =SUMIFS(ChargeStats_SuperChargerKWh_Range,ChargeStats_Date_Range,">="&C11,ChargeStats_Date_Range,"<="&D11) -> 0 | H11: =SUMIFS(ChargeStats_HomeKWh_Range,ChargeStats_Date_Range,">="&C11,ChargeStats_Date_Range,"<="&D11) -> 0 | I11: =IF(F11>0,F11-J11,0) -> 1162 | J11: =H11*M11 -> 0 | K11: 157.61 | L11: =IFERROR(K11/E11,0) -> 5.2536667 | M11: =IFERROR(K11/F11,M10) -> 0.13563683
A12: 11 | B12: 45809 | C12: 45814 | D12: =C13-1 -> 45845 | E12: 32 | F12: 1379 | G12: =SUMIFS(ChargeStats_SuperChargerKWh_Range,ChargeStats_Date_Range,">="&C12,ChargeStats_Date_Range,"<="&D12) -> 0 | H12: =SUMIFS(ChargeStats_HomeKWh_Range,ChargeStats_Date_Range,">="&C12,ChargeStats_Date_Range,"<="&D12) -> 0 | I12: =IF(F12>0,F12-J12,0) -> 1379 | J12: =H12*M12 -> 0 | K12: 189.06 | L12: =IFERROR(K12/E12,0) -> 5.908125 | M12: =IFERROR(K12/F12,M11) -> 0.13709935
A13: 12 | B13: 45839 | C13: 45846 | D13: =C14-1 -> 45875 | E13: 30 | F13: 1361 | G13: =SUMIFS(ChargeStats_SuperChargerKWh_Range,ChargeStats_Date_Range,">="&C13,ChargeStats_Date_Range,"<="&D13) -> 0 | H13: =SUMIFS(ChargeStats_HomeKWh_Range,ChargeStats_Date_Range,">="&C13,ChargeStats_Date_Range,"<="&D13) -> 0 | I13: =IF(F13>0,F13-J13,0) -> 1361 | J13: =H13*M13 -> 0 | K13: 186.43 | L13: =IFERROR(K13/E13,0) -> 6.2143333 | M13: =IFERROR(K13/F13,M12) -> 0.13698016
A14: 13 | B14: 45870 | C14: 45876 | D14: =C15-1 -> 45907 | E14: 32 | F14: 1379 | G14: =SUMIFS(ChargeStats_SuperChargerKWh_Range,ChargeStats_Date_Range,">="&C14,ChargeStats_Date_Range,"<="&D14) -> 49 | H14: =SUMIFS(ChargeStats_HomeKWh_Range,ChargeStats_Date_Range,">="&C14,ChargeStats_Date_Range,"<="&D14) -> 0 | I14: =IF(F14>0,F14-J14,0) -> 1379 | J14: =H14*M14 -> 0 | K14: 189.06 | L14: =IFERROR(K14/E14,0) -> 5.908125 | M14: =IFERROR(K14/F14,M13) -> 0.13709935
A15: 14 | B15: 45901 | C15: 45908 | D15: =C16-1 -> 45938 | E15: 30 | F15: 1367 | G15: =SUMIFS(ChargeStats_SuperChargerKWh_Range,ChargeStats_Date_Range,">="&C15,ChargeStats_Date_Range,"<="&D15) -> 94 | H15: =SUMIFS(ChargeStats_HomeKWh_Range,ChargeStats_Date_Range,">="&C15,ChargeStats_Date_Range,"<="&D15) -> 268 | I15: =IF(F15>0,F15-J15,0) -> 1330.2779 | J15: =H15*M15 -> 36.722078 | K15: 187.31 | L15: =IFERROR(K15/E15,0) -> 6.2436667 | M15: =IFERROR(K15/F15,M14) -> 0.13702268
A16: 15 | B16: 45931 | C16: 45939 | D16: =C17-1 -> 45967 | E16: 29 | G16: =SUMIFS(ChargeStats_SuperChargerKWh_Range,ChargeStats_Date_Range,">="&C16,ChargeStats_Date_Range,"<="&D16) -> 0 | H16: =SUMIFS(ChargeStats_HomeKWh_Range,ChargeStats_Date_Range,">="&C16,ChargeStats_Date_Range,"<="&D16) -> 110 | I16: =IF(F16>0,F16-J16,0) -> 0 | J16: =H16*M16 -> 15.072495 | L16: =IFERROR(K16/E16,0) -> 0 | M16: =IFERROR(K16/F16,M15) -> 0.13702268
A17: 16 | B17: 45962 | C17: 45968 | G17: =SUMIFS(ChargeStats_SuperChargerKWh_Range,ChargeStats_Date_Range,">="&C17,ChargeStats_Date_Range,"<="&D17) -> 0 | H17: =SUMIFS(ChargeStats_HomeKWh_Range,ChargeStats_Date_Range,">="&C17,ChargeStats_Date_Range,"<="&D17) -> 0 | I17: =IF(F17>0,F17-J17,0) -> 0 | J17: =H17*M17 -> 0 | L17: =IFERROR(K17/E17,0) -> 0 | M17: =IFERROR(K17/F17,M16) -> 0.13702268
A18: 17 | B18: 45992
A19: 18 | B19: 46023
A20: 19 | B20: 46054
A21: 20 | B21: 46082
A22: 21 | B22: 46113
A23: 22 | B23: 46143
A24: 23 | B24: 46174
A25: 24 | B25: 46204
A26: 25 | B26: 46235
A27: 26 | B27: 46266
A28: 27 | B28: 46296
A29: 28 | B29: 46327
A30: 29 | B30: 46357

Sheet Cost Saving Chart
C1: =#REF! -> #REF! | G1: =#REF! -> #REF! | K1: =#REF! -> #REF! | N1: =#REF! -> #REF!
A2: Start Date | B2: End Date | C2: ='Charge Stats'!D4 -> Super Charger KWh | D2: ='Charge Stats'!G4 -> Home KWh | E2: ='Charge Stats'!H4 -> Total KWh | F2: =J2 -> Est Gas Cost | G2: ='Charge Stats'!S4 -> Charge Cost Super Chg | H2: ='Charge Stats'!T4 -> Charge Cost Home | I2: ='Charge Stats'!U4 -> Total Charge Cost | J2: ='Charge Stats'!X4 -> Est Gas Cost | K2: ='Charge Stats'!AB4 -> all Super Chg Cost | L2: ='Charge Stats'!AC4 -> all Gas Cost | M2: ='Charge Stats'!AD4 -> All Home Chg cost | N2: ='Charge Stats'!Y4 -> Charge / Gas Cost Difference | O2: ='Charge Stats'!Z4 -> % saving | P2: ='Charge Stats'!AA4 -> Home Chg Saving
A3: 45901 | B3: 46022 | C3: =SUMIFS(ChargeStats_SuperChargerKWh_Range,ChargeStats_Date_Range,">="&$A$3,ChargeStats_Date_Range,"<="&$B$3) -> 143 | D3: =SUMIFS(ChargeStats_HomeKWh_Range,ChargeStats_Date_Range,">="&$A$3,ChargeStats_Date_Range,"<="&$B$3) -> 378 | E3: =SUMIFS(ChargeStats_TotalKWh_Range,ChargeStats_Date_Range,">="&$A$3,ChargeStats_Date_Range,"<="&$B$3) -> 521 | F3: =SUMIFS(ChargeStats_EstGallonsOfGas_Range,ChargeStats_Date_Range,">="&$A$3,ChargeStats_Date_Range,"<="&$B$3) -> 71 | G3: =SUMIFS(ChargeStats_ChargeCostSuperCharger_Range,ChargeStats_Date_Range,">="&$A$3,ChargeStats_Date_Range,"<="&$B$3) -> 48.18 | H3: =SUMIFS(ChargeStats_ChargeCostHome_Range,ChargeStats_Date_Range,">="&$A$3,ChargeStats_Date_Range,"<="&$B$3) -> 51.794572 | I3: =SUMIFS(ChargeStats_TotalChargeCost_Range,ChargeStats_Date_Range,">="&$A$3,ChargeStats_Date_Range,"<="&$B$3) -> 99.974572 | J3: =SUMIFS(ChargeStats_EstGasCost_Range,ChargeStats_Date_Range,">="&$A$3,ChargeStats_Date_Range,"<="&$B$3) -> 195.1592 | K3: {=SUMIFS(ChargeStats_AllSuperChgCost_Range,ChargeStats_Date_Range,">="&$A$3,ChargeStats_Date_Range,"<="&$B$3)} -> 196.63 | L3: {=SUMIFS(ChargeStats_AllGasCost_Range,ChargeStats_Date_Range,">="&$A$3,ChargeStats_Date_Range,"<="&$B$3)} -> 195.1592 | M3: {=SUMIFS(ChargeStats_AllHomeChg_Range,ChargeStats_Date_Range,">="&$A$3,ChargeStats_Date_Range,"<="&$B$3)} -> 71.392572 | N3: ='Charge Stats'!Y$2 -> 87.586288 | O3: ='Charge Stats'!Z$2 -> 0.44960011 | P3: ='Charge Stats'!AA$2 -> 96.655428
A4: 45901 | B4: 46022

Sheet Emissions Chart
B1: **Nitrogen** N₂ | C1: Carbon dioxide (CO₂) | D1: Water vapor (H₂O) | E1: Carbon monoxide (CO) | F1: Nitrogen oxides (NOₓ) | G1: Unburned hydrocarbons (VOCs) | H1: Particulate matter (PM2.5) | I1: Sulfur dioxide (SO₂) | J1: cu Ft Natural Gas | K1: **Nitrogen** N₂ | L1: Carbon dioxide (CO₂) | M1: Water vapor (H₂O) | N1: Carbon monoxide (CO) | O1: Nitrogen oxides (NOₓ) | P1: Unburned hydrocarbons (VOCs) | Q1: Particulate matter (PM2.5) | R1: Sulfur dioxide (SO₂) | S1: Gasoline CO2 | T1: Natural Gas CO2 | U1: Gasoline H2O | V1: Natural Gas H2O | W1: Gasoline N2 | X1: Natural Gas N2
B2: ='Charge Stats'!AJ2 -> 0 | C2: ='Charge Stats'!AH2 -> 1391.6 | D2: ='Charge Stats'!AI2 -> 568 | E2: ='Charge Stats'!AK2 -> 1.42 | F2: ='Charge Stats'!AL2 -> 0.71 | G2: ='Charge Stats'!AM2 -> 0.142 | H2: ='Charge Stats'!AN2 -> 0.071 | I2: ='Charge Stats'!AO2 -> 0.284 | J2: ='Charge Stats'!AP2 -> 1777.652 | K2: ='Charge Stats'!AS2 -> 8354.9644 | L2: ='Charge Stats'!AQ2 -> 207.98528 | M2: ='Charge Stats'!AR2 -> 255.98189 | N2: ='Charge Stats'!AT2 -> 0.14932277 | O2: ='Charge Stats'!AU2 -> 0.1777652 | P2: ='Charge Stats'!AV2 -> 0.00888826 | Q2: ='Charge Stats'!AW2 -> 0 | R2: ='Charge Stats'!AX2 -> 0 | S2: =C2 -> 1391.6 | T2: =L2 -> 207.98528 | U2: =D2 -> 568 | V2: =M2 -> 255.98189 | W2: =B2 -> 0 | X2: =K2 -> 8354.9644
B3: ='Charge Stats'!AJ3 -> 0 | C3: ='Charge Stats'!AH3 -> Gas Emission Saved (Lbs) | D3: ='Charge Stats'!AI3 -> 0 | E3: ='Charge Stats'!AK3 -> 0 | F3: ='Charge Stats'!AL3 -> 0 | G3: ='Charge Stats'!AM3 -> 0 | H3: ='Charge Stats'!AN3 -> 0 | I3: ='Charge Stats'!AO3 -> 0 | J3: ='Charge Stats'!AP3 -> Natural Gas Emission from Electric Power Plant (Lbs) | K3: ='Charge Stats'!AS3 -> 0 | L3: ='Charge Stats'!AQ3 -> 0 | M3: ='Charge Stats'!AR3 -> 0 | N3: ='Charge Stats'!AT3 -> 0 | O3: ='Charge Stats'!AU3 -> 0 | P3: ='Charge Stats'!AV3 -> 0 | Q3: ='Charge Stats'!AW3 -> 0 | R3: ='Charge Stats'!AX3 -> 0
B4: ='Charge Stats'!AJ4 -> **Nitrogen** N₂ | C4: ='Charge Stats'!AH4 -> Carbon dioxide (CO₂) | D4: ='Charge Stats'!AI4 -> Water vapor (H₂O) | E4: ='Charge Stats'!AK4 -> Carbon monoxide (CO) | F4: ='Charge Stats'!AL4 -> Nitrogen oxides (NOₓ) | G4: ='Charge Stats'!AM4 -> Unburned hydrocarbons (VOCs) | H4: ='Charge Stats'!AN4 -> Particulate matter (PM2.5) | I4: ='Charge Stats'!AO4 -> Sulfur dioxide (SO₂) | J4: ='Charge Stats'!AP4 -> cu Ft Natural Gas | K4: ='Charge Stats'!AS4 -> **Nitrogen** N₂ | L4: ='Charge Stats'!AQ4 -> Carbon dioxide (CO₂) | M4: ='Charge Stats'!AR4 -> Water vapor (H₂O) | N4: ='Charge Stats'!AT4 -> Carbon monoxide (CO) | O4: ='Charge Stats'!AU4 -> Nitrogen oxides (NOₓ) | P4: ='Charge Stats'!AV4 -> Unburned hydrocarbons (VOCs) | Q4: ='Charge Stats'!AW4 -> Particulate matter (PM2.5) | R4: ='Charge Stats'!AX4 -> Sulfur dioxide (SO₂)
H5: ="Emissions from "&Total_KWs&" KWh at Electric Power Plant vs. "&Total_GallonsGas&" Gallons of Gas to go "&#REF!&" Miles" -> #REF!
H6: Chemical composition of fossil fuels and chemical emissions which are harmful to health and environment

Sheet Emissions Chart (Scenario)
B1: **Nitrogen** N₂ | C1: Carbon dioxide (CO₂) | D1: Water vapor (H₂O) | E1: Carbon monoxide (CO) | F1: Nitrogen oxides (NOₓ) | G1: Unburned hydrocarbons (VOCs) | H1: Particulate matter (PM2.5) | I1: Sulfur dioxide (SO₂) | J1: cu Ft Natural Gas | K1: **Nitrogen** N₂ | L1: Carbon dioxide (CO₂) | M1: Water vapor (H₂O) | N1: Carbon monoxide (CO) | O1: Nitrogen oxides (NOₓ) | P1: Unburned hydrocarbons (VOCs) | Q1: Particulate matter (PM2.5) | R1: Sulfur dioxide (SO₂) | S1: Gasoline CO2 | T1: Natural Gas CO2 | U1: Gasoline H2O | V1: Natural Gas H2O | W1: Gasoline N2 | X1: Natural Gas N2
B2: =Y20 -> 0 | C2: =Y18 -> 784 | D2: =Y19 -> 320 | E2: =Y21 -> 0.8 | F2: =Y22 -> 0.4 | G2: =Y23 -> 0.08 | H2: =Y24 -> 0.04 | I2: =Y25 -> 0.16 | J2: ='Charge Stats'!AP2 -> 1777.652 | K2: =X20 -> 21620 | L2: =X18 -> 538.2 | M2: =X19 -> 662.4 | N2: =X21 -> 0.3864 | O2: =X22 -> 0.46 | P2: =X23 -> 0.023 | Q2: ='Charge Stats'!AW2 -> 0 | R2: ='Charge Stats'!AX2 -> 0 | S2: =C2 -> 784 | T2: =L2 -> 538.2 | U2: =D2 -> 320 | V2: =M2 -> 662.4 | W2: =B2 -> 0 | X2: =K2 -> 21620
B3: ='Charge Stats'!AJ3 -> 0 | C3: ='Charge Stats'!AH3 -> Gas Emission Saved (Lbs) | D3: ='Charge Stats'!AI3 -> 0 | E3: ='Charge Stats'!AK3 -> 0 | F3: ='Charge Stats'!AL3 -> 0 | G3: ='Charge Stats'!AM3 -> 0 | H3: ='Charge Stats'!AN3 -> 0 | I3: ='Charge Stats'!AO3 -> 0 | J3: ='Charge Stats'!AP3 -> Natural Gas Emission from Electric Power Plant (Lbs) | K3: ='Charge Stats'!AS3 -> 0 | L3: ='Charge Stats'!AQ3 -> 0 | M3: ='Charge Stats'!AR3 -> 0 | N3: ='Charge Stats'!AT3 -> 0 | O3: ='Charge Stats'!AU3 -> 0 | P3: ='Charge Stats'!AV3 -> 0 | Q3: ='Charge Stats'!AW3 -> 0 | R3: ='Charge Stats'!AX3 -> 0
B4: ='Charge Stats'!AJ4 -> **Nitrogen** N₂ | C4: ='Charge Stats'!AH4 -> Carbon dioxide (CO₂) | D4: ='Charge Stats'!AI4 -> Water vapor (H₂O) | E4: ='Charge Stats'!AK4 -> Carbon monoxide (CO) | F4: ='Charge Stats'!AL4 -> Nitrogen oxides (NOₓ) | G4: ='Charge Stats'!AM4 -> Unburned hydrocarbons (VOCs) | H4: ='Charge Stats'!AN4 -> Particulate matter (PM2.5) | I4: ='Charge Stats'!AO4 -> Sulfur dioxide (SO₂) | J4: ='Charge Stats'!AP4 -> cu Ft Natural Gas | K4: ='Charge Stats'!AS4 -> **Nitrogen** N₂ | L4: ='Charge Stats'!AQ4 -> Carbon dioxide (CO₂) | M4: ='Charge Stats'!AR4 -> Water vapor (H₂O) | N4: ='Charge Stats'!AT4 -> Carbon monoxide (CO) | O4: ='Charge Stats'!AU4 -> Nitrogen oxides (NOₓ) | P4: ='Charge Stats'!AV4 -> Unburned hydrocarbons (VOCs) | Q4: ='Charge Stats'!AW4 -> Particulate matter (PM2.5) | R4: ='Charge Stats'!AX4 -> Sulfur dioxide (SO₂)
H5: ="Emissions from "&INT('Emissions Savings'!B3/Constants!C14)&" KWh at Electric Power Plant vs. "&INT('Emissions Savings'!A4)&" Gallons of Gas to go "&'Emissions Savings'!J14&" Miles" -> Emissions from 404 KWh at Electric Power Plant vs. 40 Gallons of Gas to go 1000 Miles
H6: Chemical composition of fossil fuels and chemical emissions which are harmful to health and environment
P7: To update the scenario change Miles Driven in the Emissions Savings Worksheet >>>>>>>>>>>!
V17: Natural Gas Emission | W17: Gasoline Emission | X17: ='Emissions Savings'!I19 -> Natural Gas Emission | Y17: ='Emissions Savings'!J19 -> Gasoline Emission | Z17: ='Emissions Savings'!K19 -> Chemical Component
V18: 6458.4 | W18: 9408 | X18: ='Emissions Savings'!I20 -> 538.2 | Y18: ='Emissions Savings'!J20 -> 784 | Z18: ='Emissions Savings'!K20 -> Carbon dioxide (CO₂)
V19: 7948.8 | W19: 3840 | X19: ='Emissions Savings'!I21 -> 662.4 | Y19: ='Emissions Savings'!J21 -> 320 | Z19: ='Emissions Savings'!K21 -> Water vapor (H₂O)
V20: 259440 | W20: 0 | X20: ='Emissions Savings'!I22 -> 21620 | Y20: ='Emissions Savings'!J22 -> 0 | Z20: ='Emissions Savings'!K22 -> **Nitrogen** N₂
V21: 4.6368 | W21: 9.6 | X21: ='Emissions Savings'!I23 -> 0.3864 | Y21: ='Emissions Savings'!J23 -> 0.8 | Z21: ='Emissions Savings'!K23 -> Carbon monoxide (CO)
V22: 5.52 | W22: 4.8 | X22: ='Emissions Savings'!I24 -> 0.46 | Y22: ='Emissions Savings'!J24 -> 0.4 | Z22: ='Emissions Savings'!K24 -> Nitrogen oxides (NOₓ)
V23: 0.276 | W23: 0.96 | X23: ='Emissions Savings'!I25 -> 0.023 | Y23: ='Emissions Savings'!J25 -> 0.08 | Z23: ='Emissions Savings'!K25 -> Unburned hydrocarbons (VOCs)
V24: 0 | W24: 0.48 | X24: ='Emissions Savings'!I26 -> 0 | Y24: ='Emissions Savings'!J26 -> 0.04 | Z24: ='Emissions Savings'!K26 -> Particulate matter (PM2.5)
V25: 0 | W25: 1.92 | X25: ='Emissions Savings'!I27 -> 0 | Y25: ='Emissions Savings'!J27 -> 0.16 | Z25: ='Emissions Savings'!K27 -> Sulfur dioxide (SO₂)
V26: 273857.63 | W26: 13265.76 | X26: ='Emissions Savings'!I28 -> 22821.469 | Y26: ='Emissions Savings'!J28 -> 1105.48 | Z26: ='Emissions Savings'!K28 -> Total Weight of Chemicals in Atmosphere
V27: 10.4328 | W27: 17.76 | X27: ='Emissions Savings'!I29 -> 0.8694 | Y27: ='Emissions Savings'!J29 -> 1.48 | Z27: ='Emissions Savings'!K29 -> Weight of Harmful Chemicals

Sheet Emissions Savings
A1: Scenario (Update Gallons to see Change) | C1: Gas Purchased (All of 2025) | E1: Gas used Since Owning the Tesla Over Concerns about Tesla Haters | G1: Actual Electric Car Usage | I1: Net Savings from Actual | J1: $$$$
A2: Gas (Car) | B2: Natural Gas (Elec Power Plant) | C2: Gas (Car) Purchased | D2: Natural Gas (Elec Power Plant) Not used by e Car | E2: Gas (Car) Purchased | F2: Natural Gas (Elec Power Plant) Not used by e Car | G2: Gas (Car) Equivalent | H2: Natural Gas (Elec Power Plant) | I2: Gas less Natural Gas | J2: Cost Saving | K2: Row Descriptions
B3: =A4*Constants!$C$16*(1-Constants!$C$11) -> 1380 | D3: =C4*Constants!$C$16*(1-Constants!$C$11) -> 17583.753 | F3: =E4*Constants!$C$16*(1-Constants!$C$11) -> 17583.753 | H3: =G4*Constants!$C$16*(1-Constants!$C$11) -> 2449.5 | K3: Cu Fee of Natural Gas used by power plant to generate electricity (1 Gallon = 34.5 cu ft(115*.3) of Natural Gas), Accounting for Electric motor efficiency
A4: =J14/MPG_Kia -> 40 | C4: =Constants!C41 -> 509.674 | E4: =Constants!C38 -> 509.674 | G4: =Total_GallonsGas -> 71 | K4: Gallons of Gas
A5: ='Gas Chemistry'!$B$18*A4 -> 1105.48 | B5: =Constants!$B$31*B3 -> 6846.4408 | C5: ='Gas Chemistry'!$B$18*C4 -> 14085.86 | D5: =Constants!$B$31*D3 -> 87236.322 | E5: ='Gas Chemistry'!$B$18*E4 -> 14085.86 | F5: =Constants!$B$31*F3 -> 87236.322 | G5: ='Gas Chemistry'!$B$18*G4 -> 1962.227 | H5: =Constants!$B$31*H3 -> 12152.432 | I5: =G5-H5 -> -10190.205 | K5: Weight (Lbs) of Emissions in Atmosphere
A6: =Constants!$C$24*A4 -> 320 | B6: =(Constants!$B$24+Constants!$B$25)*B3 -> 6684.72 | C6: =Constants!$C$24*C4 -> 4077.392 | D6: =(Constants!$B$24+Constants!$B$25)*D3 -> 85175.699 | E6: =Constants!$C$24*E4 -> 4077.392 | F6: =(Constants!$B$24+Constants!$B$25)*F3 -> 85175.699 | G6: =Constants!$C$24*G4 -> 568 | H6: =(Constants!$B$24+Constants!$B$25)*H3 -> 11865.378 | I6: =G6-H6 -> -11297.378 | K6: Weight (Lbs) of Inert or unharmful chemicals (H2O, N2)
A7: ='Gas Chemistry'!$B$19*A4 -> 1.48 | B7: =Constants!$B$32*B3 -> 0.26082 | C7: ='Gas Chemistry'!$B$19*C4 -> 18.857938 | D7: =Constants!$B$32*D3 -> 3.3233293 | E7: ='Gas Chemistry'!$B$19*E4 -> 18.857938 | F7: =Constants!$B$32*F3 -> 3.3233293 | G7: ='Gas Chemistry'!$B$19*G4 -> 2.627 | H7: =Constants!$B$32*H3 -> 0.4629555 | I7: =G7-H7 -> 2.1640445 | K7: Weight (Lbs) of Chemicals harmful to Biology (respiratory, Carcinogenic, etc)
A8: ='Gas Chemistry'!$B$11*A4 -> 784 | B8: =Constants!$B$23*B3 -> 161.46 | C8: ='Gas Chemistry'!$B$11*C4 -> 9989.6104 | D8: =Constants!$B$23*D3 -> 2057.2991 | E8: ='Gas Chemistry'!$B$11*E4 -> 9989.6104 | F8: =Constants!$B$23*F3 -> 2057.2991 | G8: ='Gas Chemistry'!$B$11*G4 -> 1391.6 | H8: =Constants!$B$23*H3 -> 286.5915 | I8: =G8-H8 -> 1105.0085 | K8: CO2 in the atmostphere
J9: ='Charge Stats'!Y2 -> 87.586288 | K9: ='Charge Stats'!Y4 -> Charge / Gas Cost Difference
J10: ='Charge Stats'!AA2 -> 96.655428 | K10: ='Charge Stats'!AA4 -> Home Chg Saving
J11: =Constants!C37 -> 1398.44 | K11: Cost of Gas purchased since owning a Tesla
J12: =Constants!C10 -> 47 | K12: Days owning a Tesla
J13: ='Charge Stats'!B2 -> 1775 | K13: Miles Driven in Electric Car
J14: 1000 | K14: Scenario Miles Driven
K15: For context, 1 human exhales 2-4 Lbs of CO2 per day
J16: =Constants!C10*4 -> 188 | K16: How much CO2 1 human exhales over the same number of days that the Tesla was used
J17: =1-(J16/I8) -> 0.82986556 | K17: Percentage CO2 Saved compared to what I exhaled
I18: Pounds of Emiassions for Scenario
I19: Natural Gas Emission | J19: Gasoline Emission | K19: Chemical Component
I20: =Constants!A23*$A$4 -> 538.2 | J20: =Constants!C23*$A$4 -> 784 | K20: =Constants!D23 -> Carbon dioxide (CO₂)
I21: =Constants!A24*$A$4 -> 662.4 | J21: =Constants!C24*$A$4 -> 320 | K21: =Constants!D24 -> Water vapor (H₂O)
I22: =Constants!A25*$A$4 -> 21620 | J22: =Constants!C25*$A$4 -> 0 | K22: =Constants!D25 -> **Nitrogen** N₂
I23: =Constants!A26*$A$4 -> 0.3864 | J23: =Constants!C26*$A$4 -> 0.8 | K23: =Constants!D26 -> Carbon monoxide (CO)
I24: =Constants!A27*$A$4 -> 0.46 | J24: =Constants!C27*$A$4 -> 0.4 | K24: =Constants!D27 -> Nitrogen oxides (NOₓ)
I25: =Constants!A28*$A$4 -> 0.023 | J25: =Constants!C28*$A$4 -> 0.08 | K25: =Constants!D28 -> Unburned hydrocarbons (VOCs)
I26: =Constants!A29*$A$4 -> 0 | J26: =Constants!C29*$A$4 -> 0.04 | K26: =Constants!D29 -> Particulate matter (PM2.5)
I27: =Constants!A30*$A$4 -> 0 | J27: =Constants!C30*$A$4 -> 0.16 | K27: =Constants!D30 -> Sulfur dioxide (SO₂)
I28: =Constants!A31*$A$4 -> 22821.469 | J28: =Constants!C31*$A$4 -> 1105.48 | K28: =Constants!D31 -> Total Weight of Chemicals in Atmosphere
I29: =Constants!A32*$A$4 -> 0.8694 | J29: =Constants!C32*$A$4 -> 1.48 | K29: =Constants!D32 -> Weight of Harmful Chemicals
K30: Gasoline: Measured in gallons, gasoline has an energy content of approximately 114,000 to 125,000 BTU per gallon, depending on the blend (e.g., regular, premium, or ethanol-blended). For simplicity, a commonly used average is 115,000 BTU/gallon for regular gasoline. Natural Gas: Often measured in cubic feet (cf) for residential use or therms (1 therm = 100,000 BTU) in energy contexts. The energy content of natural gas is approximately 1,000 BTU per cubic foot (standard at 60°F and 1 atm) or 100,000 BTU per therm.

Sheet Gas Chemistry
A1: 🔹 Combustion Chemistry
A3: Gasoline is roughly C₈H₁₈ (octane-like hydrocarbon). | E3: The weight of one gallon of gasoline depends slightly on temperature (because gasoline expands/contracts with heat) and the exact blend, but on average:
A4: 1 gallon ≈ 6.3 pounds (2.85 kg) of liquid fuel.
A5: Complete combustion: | E5: Condition | F5: Weight per U.S. gallon
A6: C8H18+12.5O2→8CO2+9H2OC_8H_{18} + 12.5 O_2 \rightarrow 8 CO_2 + 9 H_2OC8​H18​+12.5O2​→8CO2​+9H2​O | E6: Typical pump temperature (~60 °F / 15.6 °C) | F6: ≈ 6.1 – 6.3 lbs (2.8 – 2.9 kg)
E7: Cold weather (~30 °F / -1 °C) | F7: ≈ 6.4 lbs (2.9 kg)
A8: 🔹 Approximate Emissions Per 1 Gallon of Gasoline | E8: Hot weather (~90 °F / 32 °C) | F8: ≈ 5.9 lbs (2.7 kg)
A10: Pollutant | C10: Typical Amount Released* | D10: Notes | E10: ⚡ Rule of thumb:
A11: Carbon dioxide (CO₂) | B11: 19.6 | C11: ≈ 19.6 lbs (8.9 kg) | D11: Main greenhouse gas; comes from carbon in the fuel | E11: Most fuel calculations use 6.2 lbs per gallon (2.82 kg) at 60 °F as the standard reference.
A12: Water vapor (H₂O) | B12: 8 | C12: ≈ 8.0 lbs (3.6 kg) | D12: From hydrogen in the fuel
A13: Carbon monoxide (CO) | B13: 0.02 | C13: 0.02–0.3 lbs (9–140 g)** | D13: Depends on catalytic converter efficiency
A14: Nitrogen oxides (NOₓ) | B14: 0.01 | C14: 0.01–0.07 lbs (5–30 g)** | D14: Includes NO & NO₂; formed from high-temp combustion
A15: Unburned hydrocarbons (VOCs) | B15: 0.002 | C15: 0.002–0.03 lbs (1–14 g)** | D15: Evaporative + exhaust
A16: Particulate matter (PM2.5) | B16: 0.001 | C16: 0.001–0.003 lbs (0.5–1.5 g)** | D16: Soot & tiny aerosols
A17: Sulfur dioxide (SO₂) | B17: 0.004 | C17: 0.004 lbs (≈2 g)** | D17: Depends on sulfur in fuel (low in U.S. reformulated gas)
A18: Total Weight of Chemicals in Atmosphere | B18: =SUM(B11:B17) -> 27.637
A19: Weight of Harmful Chemicals | B19: =SUM(B13:B17) -> 0.037
A20: ="*** 6.3 Gallons of Gas combines with "&B18-6.63&" Lbs's of Oxygen to create total weight of "&B18&" in the atmosphere" -> *** 6.3 Gallons of Gas combines with 21.007 Lbs's of Oxygen to create total weight of 27.637 in the atmosphere
A21: *Range reflects modern vehicles with functioning catalytic converters under normal operation.
A22: Key Takeaways
A24: CO₂ is by far the largest emission—about 3 times the weight of the gasoline itself because carbon combines with oxygen from the air.
A25: Water vapor is the second-largest product.
A26: Harmful pollutants (CO, NOₓ, VOCs, PM) are much smaller in mass but have major health and environmental impacts (smog, ozone, respiratory effects).
A28: SO₂ stands for sulfur dioxide, a colorless gas with a sharp, irritating smell (like a struck match).
A29: It is produced when sulfur-containing fuels—such as gasoline, diesel, coal, or oil—are burned.
A31: Key Facts about SO₂
A33: Property | B33: Details
A34: Chemical formula | B34: SO₂
A35: Formation | B35: Sulfur in fuel + Oxygen during combustion → SO₂
A36: Sources | B36: Power plants, vehicle exhaust (especially diesel), oil refineries, volcanoes
A37: Health effects | B37: Can irritate lungs and airways, trigger asthma attacks, cause coughing or throat irritation
A38: Environmental effects | B38: Reacts in the atmosphere to form sulfuric acid (H₂SO₄) and fine sulfate particles → contributes to acid rain and PM2.5 pollution
A40: Gasoline Context
A42: Modern U.S. gasoline is “low sulfur,” typically ≤10 ppm sulfur, so SO₂ emissions from cars are relatively small compared to coal or heavy oil combustion.
A44: Natural gas, coal, and gasoline all release carbon dioxide (CO₂) and other pollutants when burned, but the amounts and types of emissions per unit of energy differ a lot.
A46: Here’s a clear comparison:
A50: 🔹 Carbon Dioxide Emissions (per million BTU of energy)
A52: Fuel (typical U.S. averages) | B52: CO₂ Emitted | C52: Approx. Per Gallon/Unit
A53: Coal (bituminous) | B53: ~205 lb CO₂ / MMBtu | C53: ~2.1 lb CO₂ per kWh of electricity | D53: =2.1/19.6 -> 0.10714286 | E53: CO2 emissions of Nat Gas vs Gasoline
A54: Gasoline | B54: ~157 lb CO₂ / MMBtu | C54: ~19.6 lb CO₂ per gallon
A55: Natural gas (methane) | B55: ~117 lb CO₂ / MMBtu | C55: ~12 lb CO₂ per 1,000 cubic feet
A57: Takeaway:
A58: ➡️ Natural gas emits ~25% less CO₂ than gasoline and ~40% less than coal for the same energy produced.
A62: 🔹 Other Pollutants
A64: Pollutant | B64: Natural Gas | C64: Gasoline | D64: Coal
A65: Sulfur dioxide (SO₂) | B65: Very low | C65: Low (modern gas) | D65: High (unless scrubbed)
A66: Nitrogen oxides (NOₓ) | B66: Low | C66: Moderate | D66: High
A67: Particulate matter (PM) | B67: Very low | C67: Low | D67: High
A68: Mercury/Heavy metals | B68: None | C68: Trace | D68: High (coal contains trace metals)
A71: 🔹 Why They Differ
A73: Coal is mostly carbon and contains sulfur and minerals → highest CO₂, SO₂, mercury, and particulates.
A75: Gasoline is a liquid hydrocarbon → mid-range CO₂, low sulfur, but produces more CO & VOCs in vehicles.
A77: Natural gas is mostly methane (CH₄), the most hydrogen-rich fossil fuel → lowest CO₂ per energy because hydrogen burns to water.
A81: ✅ Summary
A83: Natural gas is the cleanest-burning fossil fuel in terms of CO₂ and air pollutants.
A85: Gasoline is cleaner than coal but dirtier than natural gas.
A87: Coal is by far the dirtiest, both for greenhouse gases and health-related emissions.
A89: Would you like a per-kWh electricity comparison (e.g., power plant output) or per-mile driven comparison for cars vs. natural-gas vehicles?
A93: Good — I’ll give an approximate mass (lbs) of each pollutant released for the amount of energy in 1 U.S. gallon of gasoline (one common comparison basis).
A94: Assumptions & method (short):
A96: 1 U.S. gallon gasoline ≈ 115,000 Btu ≈ 0.115 MMBtu (energy basis used to compare fuels).
... A118: Based on standard emission factors from the U.S. Environmental Protection Agency (EPA) and U.S. Energy Information Administration (EIA), assuming complete combustion of 1 scf of natural gas (with ~1,030 BTU energy content and ~0.789 lbs mass, primarily CH₄). Weights are for gaseous emissions only (water vapor is often excluded from pollutant tallies).
A120: Emission | B120: Chemical Formula | C120: Weight (lbs per scf) | D120: Notes/Source
A121: ------------------- | B121: ------------------ | C121: ---------------------- | D121: -------------
A122: **Carbon Dioxide** | B122: CO₂ | C122: 0.117 | D122: Primary emission; 117 lbs CO₂ per million scf (EIA factor: 117 lbs CO₂ per million BTU, adjusted for natural gas). Equivalent to ~53 g/scf or 0.117 lbs/scf.
A123: **Water Vapor** | B123: H₂O | C123: 0.144 | D123: From combustion; 2 moles H₂O per mole CH₄. Often not counted as a pollutant.
A124: **Carbon Monoxide** | B124: CO | C124: 8.4e-05 | D124: From incomplete combustion; 84 lbs per million scf (EPA AP-42).
A125: **Methane (unburned)** | B125: CH₄ | C125: 5e-06 | D125: 5 lbs per million scf (EPA AP-42).
A126: **Nitrogen Oxides** | B126: NOₓ | C126: 0.0001 | D126: ~100 lbs per million scf (EPA AP-42 for boilers).
A127: **Nitrogen** | B127: N₂ | C127: 4.7 | D127: Inert; from air (not a pollutant). Total exhaust volume ~10-11 scf, ~76% N₂ by volume.
B128: Total Weight of Chemicals in Atmosphere | C128: =SUM(C122:C127) -> 4.961189
B129: Weight of Harmful Chemicals | C129: =C124+C125+C126 -> 0.000189
A132: **Total primary pollutant weight**: ~0.117 lbs (dominated by CO₂). For full exhaust gas, the total mass is ~5.6 lbs (including N₂ and O₂), but this is not typically what "emissions" refers to in environmental contexts.
A134: These values assume residential/utility-scale combustion (e.g., boilers). Actual amounts vary by efficiency (e.g., 99%+ for modern systems reduces CO/CH₄). For precise applications, consult EPA's AP-42 guidelines.
A138: Energy Efficiency Comparison: Tesla Electric Motor vs. Average Internal Combustion Engine (ICE)
A140: Energy efficiency in vehicle powertrains refers to the percentage of input energy (from fuel or electricity) that is converted into useful mechanical work to propel the vehicle. For electric motors, this is straightforward: it's primarily the motor's conversion of electrical energy to mechanical energy. For ICEs, it's the thermal efficiency of converting chemical energy in fuel to mechanical energy. Below, I'll compare the two based on established data from reliable sources like the U.S. Department of Energy (via fueleconomy.gov), EPA estimates, and engineering analyses.
A142: Key Efficiency Figures
A144: Component | B144: Efficiency Range | C144: Typical/Average Value | D144: Notes
A145: Tesla Electric Motor | B145: 93–97% | C145: 95–97% | D145: Tesla's permanent magnet motors (used in Model 3/Y/S/X) achieve peak efficiencies of 97% at optimal speeds/torques. Inverter efficiency adds 96–99%, but overall drivetrain efficiency (battery to wheels) is ~85–90%. Older induction motors were ~93%.
A146: Average ICE (Gasoline) | B146: 20–40% | C146: 25–30% | D146: Most road-legal gasoline engines peak at 30–35%, but real-world averages (accounting for varying loads) are 20–30%. Diesel ICEs are slightly higher at 30–45%. Losses include heat (60–70%), exhaust, and friction.
B147: 0.3
A148: Explanation and Substantiation
A150: Tesla Electric Motors: Electric motors are inherently efficient because they convert energy via electromagnetic fields with minimal waste. Tesla's designs (e.g., permanent magnet synchronous reluctance motors) minimize copper/iron losses and heat. For instance:
A151: Model 3/Y drivetrains reach 97% efficiency under typical driving conditions.
A152: This contributes to overall vehicle efficiencies of 80–90% from battery to wheels, far outperforming ICEs.
A153: Real-world impact: A 4% motor efficiency gain can boost range by 10% due to compounding effects in the system.
A154: Average Internal Combustion Engines: ICEs lose most energy as heat during combustion, exhaust, and pumping losses. Gasoline engines rarely exceed 35% in lab tests, dropping to 20–25% in mixed driving due to idling and acceleration. Modern advancements (e.g., direct injection, turbocharging) push peaks to 38–40%, but fleet averages remain low.
A156: Why the Difference?
A158: Electric Motors: No combustion; direct energy conversion with regenerative braking recovering 20–30% of energy.
A159: ICEs: Thermodynamic limits (Carnot cycle) cap efficiency based on combustion temperatures (~2,000°C) vs. exhaust (~600°C), yielding theoretical max ~60%, but practical losses reduce it dramatically.
A160: Overall Vehicle Impact: Well-to-wheel, EVs (including charging losses) achieve 60–70% efficiency vs. 15–25% for gasoline cars, amplifying the motor/ICE gap.
A162: In summary, Tesla's electric motors are 3–4 times more efficient than an average ICE, enabling longer range per unit of energy and lower emissions. For specific models or diesel comparisons, provide more details!
A164: Health Effects of Nitrogen Monoxide (NO) and Nitrogen Dioxide (NO₂)
... A214: For specific exposure scenarios (e.g., indoor natural gas use), provide details, and I can estimate risks further. Check EPA’s AirNow or WHO guidelines for more.
